<?xml version="1.0" encoding="utf-8"?>
<umidump xmlns:xlink="http://www.w3.org/TR/xlink" version="2.0">
  <meta>
    <site-name><![CDATA[umicms.demo site]]></site-name>
    <domain><![CDATA[updateserver.umihost.ru]]></domain>
    <lang><![CDATA[ru]]></lang>
    <source-name><![CDATA[system]]></source-name>
    <generate-time>
      <timestamp>1565357564</timestamp>
      <rfc>Fri, 09 Aug 2019 16:32:44 +0300</rfc>
      <utc>2019-08-09T16:32:44+03:00</utc>
    </generate-time>
  </meta>
  <registry>
    <key path="modules" val=""/>
    <key path="modules/umiSliders" val="umiSliders"/>
    <key path="modules/umiSliders/config" val="1" update="1"/>
    <key path="modules/umiSliders/name" val="umiSliders"/>
    <key path="modules/umiSliders/default_method" val="empty" update="1"/>
    <key path="modules/umiSliders/default_method_admin" val="getSliders" update="1"/>
    <key path="modules/umiSliders/default_sliding_speed" val="1"/>
    <key path="modules/umiSliders/default_sliding_delay" val="1"/>
    <key path="modules/umiSliders/default_sliding_slides_count" val="10"/>
  </registry>
  <directories>
    <directory path="./classes/modules/umiSliders" name="umiSliders">/classes/modules/umiSliders</directory>
    <directory path="./classes/components/umiSliders" name="umiSliders">/classes/components/umiSliders</directory>
    <directory path="./classes/components/umiSliders/classes" name="classes">/classes/components/umiSliders/classes</directory>
    <directory path="./classes/components/umiSliders/classes/interfaces" name="interfaces">/classes/components/umiSliders/classes/interfaces</directory>
    <directory path="./classes/components/umiSliders/classes/collections" name="collections">/classes/components/umiSliders/classes/collections</directory>
    <directory path="./classes/components/umiSliders/classes/constants" name="constants">/classes/components/umiSliders/classes/constants</directory>
    <directory path="./classes/components/umiSliders/classes/exceptions" name="exceptions">/classes/components/umiSliders/classes/exceptions</directory>
    <directory path="./classes/components/umiSliders/classes/entities" name="entities">/classes/components/umiSliders/classes/entities</directory>
    <directory path="./styles/skins/modern/data/modules/umiSliders" name="umiSliders">/styles/skins/modern/data/modules/umiSliders</directory>
  </directories>
  <files>
    <file path="./classes/modules/umiSliders/i18n.en.php" size="188" ext="php" hash="d5024b7b92aea71c0c5cc1db1e8c3d5b" name="i18n.en.php" only_install="true">/classes/modules/umiSliders/i18n.en.php</file>
    <file path="./classes/modules/umiSliders/class.php" size="973" ext="php" hash="708c3fba1223f57bf2320ff8ca1de704" name="class.php">/classes/modules/umiSliders/class.php</file>
    <file path="./classes/modules/umiSliders/i18n.php" size="201" ext="php" hash="1f758af5e82b7f41bcb824ce7dd8b510" name="i18n.php">/classes/modules/umiSliders/i18n.php</file>
    <file path="./classes/components/umiSliders/autoload.php" size="1731" ext="php" hash="282a8d68b1e0a5cd981b44eeab2f99b3" name="autoload.php">/classes/components/umiSliders/autoload.php</file>
    <file path="./classes/components/umiSliders/macros.php" size="7374" ext="php" hash="b2d169cb1dcf5591323144e2574205ff" name="macros.php">/classes/components/umiSliders/macros.php</file>
    <file path="./classes/components/umiSliders/permissions.php" size="960" ext="php" hash="a1fc5359a3f03c227be6e5b508a682c2" name="permissions.php">/classes/components/umiSliders/permissions.php</file>
    <file path="./classes/components/umiSliders/customMacros.php" size="154" ext="php" hash="8a79abaed3aa6ce23b1d91dd73753bf0" name="customMacros.php" only_install="true">/classes/components/umiSliders/customMacros.php</file>
    <file path="./classes/components/umiSliders/services.php" size="1813" ext="php" hash="3a18177f2f24b316857ddbfb0d104081" name="services.php">/classes/components/umiSliders/services.php</file>
    <file path="./classes/components/umiSliders/lang.php" size="160" ext="php" hash="5796db4776e86a57cde4e4dc312e1c1b" name="lang.php">/classes/components/umiSliders/lang.php</file>
    <file path="./classes/components/umiSliders/customAdmin.php" size="197" ext="php" hash="9afd782ba893fcbbcbef49c6f4ac87af" name="customAdmin.php" only_install="true">/classes/components/umiSliders/customAdmin.php</file>
    <file path="./classes/components/umiSliders/classes/interfaces/iSlidersCollection.php" size="1835" ext="php" hash="eb85f80490ad99b95c36118bc0e102c5" name="iSlidersCollection.php">/classes/components/umiSliders/classes/interfaces/iSlidersCollection.php</file>
    <file path="./classes/components/umiSliders/classes/interfaces/iSlide.php" size="3465" ext="php" hash="073a655aea7c5cf6fc10d423c13389af" name="iSlide.php">/classes/components/umiSliders/classes/interfaces/iSlide.php</file>
    <file path="./classes/components/umiSliders/classes/interfaces/iSlider.php" size="4398" ext="php" hash="e5cfdc64d9bb1e58b21b6426a8f0ea68" name="iSlider.php">/classes/components/umiSliders/classes/interfaces/iSlider.php</file>
    <file path="./classes/components/umiSliders/classes/interfaces/iSlidesCollection.php" size="427" ext="php" hash="c9cca8d2a0db13849e4bd522c314fdaf" name="iSlidesCollection.php">/classes/components/umiSliders/classes/interfaces/iSlidesCollection.php</file>
    <file path="./classes/components/umiSliders/classes/collections/SlidersCollection.php" size="6169" ext="php" hash="ae46b0b8f979c024e8d8c606a71b2adb" name="SlidersCollection.php">/classes/components/umiSliders/classes/collections/SlidersCollection.php</file>
    <file path="./classes/components/umiSliders/classes/collections/SlidesCollection.php" size="4411" ext="php" hash="892a2b65f3801b0a6371e5258d4487bb" name="SlidesCollection.php">/classes/components/umiSliders/classes/collections/SlidesCollection.php</file>
    <file path="./classes/components/umiSliders/classes/constants/SlidersConstantMap.php" size="2371" ext="php" hash="855b866ac4d9f2d669034caf8d9b8841" name="SlidersConstantMap.php">/classes/components/umiSliders/classes/constants/SlidersConstantMap.php</file>
    <file path="./classes/components/umiSliders/classes/constants/SlidesConstantMap.php" size="1076" ext="php" hash="3e2dc37dd4a8571963a24a9fe32b6201" name="SlidesConstantMap.php">/classes/components/umiSliders/classes/constants/SlidesConstantMap.php</file>
    <file path="./classes/components/umiSliders/classes/exceptions/ExpectSliderException.php" size="401" ext="php" hash="cd5bddaf134d74e8ce78f90ec08ab156" name="ExpectSliderException.php">/classes/components/umiSliders/classes/exceptions/ExpectSliderException.php</file>
    <file path="./classes/components/umiSliders/classes/exceptions/ExpectSlideException.php" size="399" ext="php" hash="bfd2971b05c39f3e0e0ea196e96ab24b" name="ExpectSlideException.php">/classes/components/umiSliders/classes/exceptions/ExpectSlideException.php</file>
    <file path="./classes/components/umiSliders/classes/entities/Slider.php" size="10810" ext="php" hash="f15000074a9527f67b0d6145fce97fa3" name="Slider.php">/classes/components/umiSliders/classes/entities/Slider.php</file>
    <file path="./classes/components/umiSliders/classes/entities/Slide.php" size="11123" ext="php" hash="889863b3ce80ade5c29a9e1b619ff5e2" name="Slide.php">/classes/components/umiSliders/classes/entities/Slide.php</file>
    <file path="./classes/components/umiSliders/handlers.php" size="140" ext="php" hash="3443d4221577a700934933f9e6b6228e" name="handlers.php">/classes/components/umiSliders/handlers.php</file>
    <file path="./classes/components/umiSliders/admin.php" size="32796" ext="php" hash="1dabd2f7fd1e5ef74ccbb7c04a159a9d" name="admin.php">/classes/components/umiSliders/admin.php</file>
    <file path="./classes/components/umiSliders/install.php" size="2055" ext="php" hash="cf64876732bbf371de8276e8dbe2d407" name="install.php">/classes/components/umiSliders/install.php</file>
    <file path="./classes/components/umiSliders/includes.php" size="163" ext="php" hash="5b0f667f56679c340164f71445d58c10" name="includes.php">/classes/components/umiSliders/includes.php</file>
    <file path="./classes/components/umiSliders/i18n.en.php" size="5248" ext="php" hash="24602b94ca54eb8b1dac05342243ec4a" name="i18n.en.php" only_install="true">/classes/components/umiSliders/i18n.en.php</file>
    <file path="./classes/components/umiSliders/class.php" size="4129" ext="php" hash="e9fd2b2fbdc214dbe9be07007313c0dc" name="class.php">/classes/components/umiSliders/class.php</file>
    <file path="./classes/components/umiSliders/i18n.php" size="7493" ext="php" hash="96535c153cdcc4f622e374bf46d15f16" name="i18n.php">/classes/components/umiSliders/i18n.php</file>
    <file path="./classes/components/umiSliders/lang.en.php" size="157" ext="php" hash="85bdee19163d91e595ce387132e92e79" name="lang.en.php">/classes/components/umiSliders/lang.en.php</file>
    <file path="./styles/skins/modern/data/modules/umiSliders/list.view.xsl" size="4595" ext="xsl" hash="41c10314f78d1844850a3d844fade7ee" name="list.view.xsl">/styles/skins/modern/data/modules/umiSliders/list.view.xsl</file>
    <file path="./styles/skins/modern/data/modules/umiSliders/form.modify.xsl" size="12450" ext="xsl" hash="03365cac4bde4cd9ceaf741ba0746b61" name="form.modify.xsl">/styles/skins/modern/data/modules/umiSliders/form.modify.xsl</file>
  </files>
  <langs/>
  <domains/>
  <templates/>
  <datatypes/>
  <types/>
  <objects/>
  <pages/>
  <entities/>
  <relations/>
  <options/>
  <restrictions/>
  <permissions/>
  <hierarchy/>
</umidump>
