<?xml version="1.0" encoding="utf-8"?>
<umidump xmlns:xlink="http://www.w3.org/TR/xlink" version="2.0">
  <meta>
    <site-name><![CDATA[umicms.demo site]]></site-name>
    <domain><![CDATA[updateserver.umihost.ru]]></domain>
    <lang><![CDATA[ru]]></lang>
    <source-name><![CDATA[system]]></source-name>
    <generate-time>
      <timestamp>1565357564</timestamp>
      <rfc>Fri, 09 Aug 2019 16:32:44 +0300</rfc>
      <utc>2019-08-09T16:32:44+03:00</utc>
    </generate-time>
  </meta>
  <registry>
    <key path="modules" val=""/>
    <key path="modules/tickets" val="tickets"/>
    <key path="modules/tickets/name" val="tickets"/>
    <key path="modules/tickets/filename" val="modules/tickets/class.php"/>
    <key path="modules/tickets/config" val="0" update="1"/>
    <key path="modules/tickets/ico" val="ico_tickets"/>
    <key path="modules/tickets/default_method" val="" update="1"/>
    <key path="modules/tickets/default_method_admin" val="tickets" update="1"/>
  </registry>
  <directories>
    <directory path="./classes/modules/tickets" name="tickets">/classes/modules/tickets</directory>
    <directory path="./classes/components/tickets" name="tickets">/classes/components/tickets</directory>
    <directory path="./styles/skins/modern/data/modules/tickets" name="tickets">/styles/skins/modern/data/modules/tickets</directory>
    <directory path="./styles/skins/mac/data/modules/tickets" name="tickets">/styles/skins/mac/data/modules/tickets</directory>
  </directories>
  <files>
    <file path="./classes/modules/tickets/__custom.php" size="275" ext="php" hash="e2c47a2e6ab01ccfec1b2ceb2c2d2a6f" name="__custom.php" only_install="true">/classes/modules/tickets/__custom.php</file>
    <file path="./classes/modules/tickets/permissions.php" size="98" ext="php" hash="bcb5bd5c5e4140c3869bb2a05e715687" name="permissions.php">/classes/modules/tickets/permissions.php</file>
    <file path="./classes/modules/tickets/lang.php" size="72" ext="php" hash="7aa2e20f985858f1286fdd635052e4f1" name="lang.php">/classes/modules/tickets/lang.php</file>
    <file path="./classes/modules/tickets/__custom_adm.php" size="371" ext="php" hash="af639813f7c03e5027eeeb5b692ffbf5" name="__custom_adm.php" only_install="true">/classes/modules/tickets/__custom_adm.php</file>
    <file path="./classes/modules/tickets/__admin.php" size="4172" ext="php" hash="ab4ad003b5338517595cee98c2292529" name="__admin.php">/classes/modules/tickets/__admin.php</file>
    <file path="./classes/modules/tickets/events.php" size="431" ext="php" hash="81eb341817406e2d1eeba510ff5db7dc" name="events.php">/classes/modules/tickets/events.php</file>
    <file path="./classes/modules/tickets/install.php" size="880" ext="php" hash="e757164f871931838760f3c9501772d6" name="install.php">/classes/modules/tickets/install.php</file>
    <file path="./classes/modules/tickets/i18n.en.php" size="304" ext="php" hash="28e87cbfb32658eb1710c334e150fb7c" name="i18n.en.php" only_install="true">/classes/modules/tickets/i18n.en.php</file>
    <file path="./classes/modules/tickets/__events.php" size="1815" ext="php" hash="dc3b0f06a6df09a26b14058232cd5226" name="__events.php">/classes/modules/tickets/__events.php</file>
    <file path="./classes/modules/tickets/class.php" size="9858" ext="php" hash="fb8f0f9c57e15a4a38d57ab70673ec67" name="class.php">/classes/modules/tickets/class.php</file>
    <file path="./classes/modules/tickets/i18n.php" size="457" ext="php" hash="d42823765281eadc631036839c743e42" name="i18n.php">/classes/modules/tickets/i18n.php</file>
    <file path="./classes/modules/tickets/lang.en.php" size="63" ext="php" hash="fea8a1958531af883a351895e26f29e4" name="lang.en.php">/classes/modules/tickets/lang.en.php</file>
    <file path="./classes/components/tickets/permissions.php" size="304" ext="php" hash="cdd4160b41d030e848c3bf788802f001" name="permissions.php">/classes/components/tickets/permissions.php</file>
    <file path="./classes/components/tickets/customMacros.php" size="157" ext="php" hash="096b62c7bd918f2f5af158f29ed492af" name="customMacros.php" only_install="true">/classes/components/tickets/customMacros.php</file>
    <file path="./classes/components/tickets/lang.php" size="146" ext="php" hash="248bc6f33431d9dbf4f0af8ce356b8bc" name="lang.php">/classes/components/tickets/lang.php</file>
    <file path="./classes/components/tickets/customAdmin.php" size="201" ext="php" hash="664791ba83da8cc427ab970f3785e692" name="customAdmin.php" only_install="true">/classes/components/tickets/customAdmin.php</file>
    <file path="./classes/components/tickets/events.php" size="431" ext="php" hash="7cdda5c05d740690fae2693c26900836" name="events.php">/classes/components/tickets/events.php</file>
    <file path="./classes/components/tickets/handlers.php" size="1813" ext="php" hash="a6cbc49f1c40f8b5b80d3bbb1232f200" name="handlers.php">/classes/components/tickets/handlers.php</file>
    <file path="./classes/components/tickets/admin.php" size="3905" ext="php" hash="0c88d72c82cf10c5465e37784022784d" name="admin.php">/classes/components/tickets/admin.php</file>
    <file path="./classes/components/tickets/install.php" size="1117" ext="php" hash="f05bd4f7a9b2f4c017dcfa72475f8b8f" name="install.php">/classes/components/tickets/install.php</file>
    <file path="./classes/components/tickets/includes.php" size="69" ext="php" hash="d8390332e5eab88068b5d9fd59999fb5" name="includes.php">/classes/components/tickets/includes.php</file>
    <file path="./classes/components/tickets/i18n.en.php" size="590" ext="php" hash="155c9f3e069035f308b55d3715a1e8d3" name="i18n.en.php" only_install="true">/classes/components/tickets/i18n.en.php</file>
    <file path="./classes/components/tickets/class.php" size="10360" ext="php" hash="e70b5036dd7958839e9ef435e9763921" name="class.php">/classes/components/tickets/class.php</file>
    <file path="./classes/components/tickets/i18n.php" size="811" ext="php" hash="3562f5955ccc601fb877d4e7fa17880b" name="i18n.php">/classes/components/tickets/i18n.php</file>
    <file path="./classes/components/tickets/lang.en.php" size="143" ext="php" hash="21b24ebb766a63a1bb4b1d23bc632683" name="lang.en.php">/classes/components/tickets/lang.en.php</file>
    <file path="./styles/skins/modern/data/modules/tickets/list.view.xsl" size="983" ext="xsl" hash="9b55da4e83ce67f9f12da8c7616feb98" name="list.view.xsl">/styles/skins/modern/data/modules/tickets/list.view.xsl</file>
    <file path="./styles/skins/mac/data/modules/tickets/list.view.xsl" size="604" ext="xsl" hash="914e83a75d346ae3d5076ec4831de399" name="list.view.xsl">/styles/skins/mac/data/modules/tickets/list.view.xsl</file>
  </files>
  <langs/>
  <domains/>
  <templates/>
  <datatypes/>
  <types/>
  <objects/>
  <pages/>
  <entities/>
  <relations/>
  <options/>
  <restrictions/>
  <permissions/>
  <hierarchy/>
</umidump>
