<?xml version="1.0" encoding="utf-8"?>
<umidump xmlns:xlink="http://www.w3.org/TR/xlink" version="2.0">
  <meta>
    <site-name><![CDATA[umicms.demo site]]></site-name>
    <domain><![CDATA[updateserver.umihost.ru]]></domain>
    <lang><![CDATA[ru]]></lang>
    <source-name><![CDATA[system]]></source-name>
    <generate-time>
      <timestamp>1565357560</timestamp>
      <rfc>Fri, 09 Aug 2019 16:32:40 +0300</rfc>
      <utc>2019-08-09T16:32:40+03:00</utc>
    </generate-time>
  </meta>
  <registry>
    <key path="modules" val=""/>
    <key path="modules/data" val="data"/>
    <key path="modules/data/name" val="data"/>
    <key path="modules/data/filename" val="modules/data/class.php"/>
    <key path="modules/data/config" val="1" update="1"/>
    <key path="modules/data/default_method" val="test" update="1"/>
    <key path="modules/data/default_method_admin" val="types" update="1"/>
  </registry>
  <directories>
    <directory path="./classes/modules/data" name="data">/classes/modules/data</directory>
    <directory path="./classes/components/data" name="data">/classes/components/data</directory>
    <directory path="./classes/components/data/Classes" name="Classes">/classes/components/data/Classes</directory>
    <directory path="./styles/skins/mac/data/modules/data" name="data">/styles/skins/mac/data/modules/data</directory>
    <directory path="./styles/skins/modern/data/modules/data" name="data">/styles/skins/modern/data/modules/data</directory>
  </directories>
  <files>
    <file path="./classes/modules/data/__client_reflection.php" size="48508" ext="php" hash="c66d3bb2e8e55d7fb5262c733908045b" name="__client_reflection.php">/classes/modules/data/__client_reflection.php</file>
    <file path="./classes/modules/data/__json.php" size="3701" ext="php" hash="a29baa4bc66715c5e28849a2e2a0319d" name="__json.php">/classes/modules/data/__json.php</file>
    <file path="./classes/modules/data/__rss.php" size="7139" ext="php" hash="06af21d572e1c64afca5fb3c20c29644" name="__rss.php">/classes/modules/data/__rss.php</file>
    <file path="./classes/modules/data/__files.php" size="14416" ext="php" hash="603f4bbf07a92a08277b38bf5e5373b3" name="__files.php">/classes/modules/data/__files.php</file>
    <file path="./classes/modules/data/__custom.php" size="594" ext="php" hash="7d5bccaed11b324bb619c9b7dce74b11" name="__custom.php" only_install="true">/classes/modules/data/__custom.php</file>
    <file path="./classes/modules/data/permissions.php" size="1600" ext="php" hash="fa5939e97766cca549eabee6f9ceae5c" name="permissions.php">/classes/modules/data/permissions.php</file>
    <file path="./classes/modules/data/lang.php" size="1800" ext="php" hash="55f138ccd6a1957cf47f4f1e7ea853d5" name="lang.php">/classes/modules/data/lang.php</file>
    <file path="./classes/modules/data/__guides.php" size="8397" ext="php" hash="aa3ffa75fdab3f4577630bf31b7be114" name="__guides.php">/classes/modules/data/__guides.php</file>
    <file path="./classes/modules/data/__custom_adm.php" size="106" ext="php" hash="e174844d749edb02102c478357bd7954" name="__custom_adm.php" only_install="true">/classes/modules/data/__custom_adm.php</file>
    <file path="./classes/modules/data/__admin.php" size="14252" ext="php" hash="9cddb4b45a1be547e6f079a51f3b0d3d" name="__admin.php">/classes/modules/data/__admin.php</file>
    <file path="./classes/modules/data/install.php" size="4392" ext="php" hash="9dba3647cd8ae44e00d27da0d315c3ee" name="install.php">/classes/modules/data/install.php</file>
    <file path="./classes/modules/data/__search.php" size="13184" ext="php" hash="484375dba760141fc4c18e7713b004fc" name="__search.php">/classes/modules/data/__search.php</file>
    <file path="./classes/modules/data/i18n.en.php" size="78243" ext="php" hash="7beb25dc162eec7085b905b5d98b83e0" name="i18n.en.php" only_install="true">/classes/modules/data/i18n.en.php</file>
    <file path="./classes/modules/data/class.php" size="37358" ext="php" hash="1b0884de1d8f905bd34448f734c67545" name="class.php">/classes/modules/data/class.php</file>
    <file path="./classes/modules/data/i18n.php" size="104997" ext="php" hash="946fe13ec74d0d60dc17c52903fb7787" name="i18n.php">/classes/modules/data/i18n.php</file>
    <file path="./classes/components/data/autoload.php" size="213" ext="php" hash="372d112ff500b1aec99f924a25944a12" name="autoload.php">/classes/components/data/autoload.php</file>
    <file path="./classes/components/data/macros.php" size="47840" ext="php" hash="52b287f1830e026debdb053aa864e99b" name="macros.php">/classes/components/data/macros.php</file>
    <file path="./classes/components/data/permissions.php" size="1669" ext="php" hash="ab8b974da0c1a8e24c369a95e5eb5f65" name="permissions.php">/classes/components/data/permissions.php</file>
    <file path="./classes/components/data/customMacros.php" size="152" ext="php" hash="7fe6db9c456d95b18c0baae83aaef191" name="customMacros.php" only_install="true">/classes/components/data/customMacros.php</file>
    <file path="./classes/components/data/lang.php" size="1879" ext="php" hash="22f63d3e1ae6d46304f453b55a8f7519" name="lang.php">/classes/components/data/lang.php</file>
    <file path="./classes/components/data/Classes/iFormSaver.php" size="3948" ext="php" hash="3e4ce17033ec6ef3aacb4f35e6e4d157" name="iFormSaver.php">/classes/components/data/Classes/iFormSaver.php</file>
    <file path="./classes/components/data/Classes/FormSaver.php" size="16504" ext="php" hash="ac1046d20c784d861c6be1551ea2fad8" name="FormSaver.php">/classes/components/data/Classes/FormSaver.php</file>
    <file path="./classes/components/data/customAdmin.php" size="204" ext="php" hash="f97778badb26b7a09092357cc39a90d7" name="customAdmin.php" only_install="true">/classes/components/data/customAdmin.php</file>
    <file path="./classes/components/data/forms.php" size="50364" ext="php" hash="d66dd066e7c3705d062f0693b36005c9" name="forms.php">/classes/components/data/forms.php</file>
    <file path="./classes/components/data/handlers.php" size="70" ext="php" hash="43bd8b4ddc4564615fce3adee8c13105" name="handlers.php">/classes/components/data/handlers.php</file>
    <file path="./classes/components/data/admin.php" size="39100" ext="php" hash="d841453dd0f7f29eb4c726aea3cf6f05" name="admin.php">/classes/components/data/admin.php</file>
    <file path="./classes/components/data/install.php" size="1198" ext="php" hash="cc1c3fed646d80c5b5be4d825b5edea3" name="install.php">/classes/components/data/install.php</file>
    <file path="./classes/components/data/fileManager.php" size="15486" ext="php" hash="e057c0b11da332ac49894e5679e7b2c7" name="fileManager.php">/classes/components/data/fileManager.php</file>
    <file path="./classes/components/data/feeds.php" size="5166" ext="php" hash="d2bb14c1fc78ee082c92739b57cbec21" name="feeds.php">/classes/components/data/feeds.php</file>
    <file path="./classes/components/data/includes.php" size="69" ext="php" hash="d8390332e5eab88068b5d9fd59999fb5" name="includes.php">/classes/components/data/includes.php</file>
    <file path="./classes/components/data/i18n.en.php" size="81331" ext="php" hash="306e5ef194c5563d7a36b3f3bfbfe3b6" name="i18n.en.php" only_install="true">/classes/components/data/i18n.en.php</file>
    <file path="./classes/components/data/class.php" size="8965" ext="php" hash="bee67baf70c90ae81f75ec03075cbb9a" name="class.php">/classes/components/data/class.php</file>
    <file path="./classes/components/data/i18n.php" size="109855" ext="php" hash="4f892799c48ed3bbf51d71328d4ee41d" name="i18n.php">/classes/components/data/i18n.php</file>
    <file path="./classes/components/data/lang.en.php" size="1365" ext="php" hash="c878ec137f08432231d3e67dc976b940" name="lang.en.php">/classes/components/data/lang.en.php</file>
    <file path="./styles/skins/mac/data/modules/data/list.view.xsl" size="8482" ext="xsl" hash="20a65324c4c967db7bae1d105a71f0f6" name="list.view.xsl">/styles/skins/mac/data/modules/data/list.view.xsl</file>
    <file path="./styles/skins/mac/data/modules/data/form.modify.xsl" size="7186" ext="xsl" hash="6aeb2fd8c2da4738053a0f7a3da59cdd" name="form.modify.xsl">/styles/skins/mac/data/modules/data/form.modify.xsl</file>
    <file path="./styles/skins/mac/data/modules/data/list.modify.xsl" size="1891" ext="xsl" hash="f42bcf0e17a26db884ca6c8ffab8770f" name="list.modify.xsl">/styles/skins/mac/data/modules/data/list.modify.xsl</file>
    <file path="./styles/skins/modern/data/modules/data/list.view.xsl" size="3616" ext="xsl" hash="a2af1b831fc1fe191c379bd3a1ffcd38" name="list.view.xsl">/styles/skins/modern/data/modules/data/list.view.xsl</file>
    <file path="./styles/skins/modern/data/modules/data/form.modify.xsl" size="6282" ext="xsl" hash="bd3d875cceeae126e146f609b457e350" name="form.modify.xsl">/styles/skins/modern/data/modules/data/form.modify.xsl</file>
    <file path="./styles/skins/modern/data/modules/data/list.modify.xsl" size="2821" ext="xsl" hash="234c1e41e3e5ef300d7683d337b0582b" name="list.modify.xsl">/styles/skins/modern/data/modules/data/list.modify.xsl</file>
  </files>
  <langs/>
  <domains/>
  <templates/>
  <datatypes/>
  <types/>
  <objects/>
  <pages/>
  <entities/>
  <relations/>
  <options/>
  <restrictions/>
  <permissions/>
  <hierarchy/>
</umidump>
