<?xml version="1.0" encoding="utf-8"?>
<umidump xmlns:xlink="http://www.w3.org/TR/xlink" version="2.0">
  <meta>
    <site-name><![CDATA[umicms.demo site]]></site-name>
    <domain><![CDATA[updateserver.umihost.ru]]></domain>
    <lang><![CDATA[ru]]></lang>
    <source-name><![CDATA[system]]></source-name>
    <generate-time>
      <timestamp>1565357564</timestamp>
      <rfc>Fri, 09 Aug 2019 16:32:44 +0300</rfc>
      <utc>2019-08-09T16:32:44+03:00</utc>
    </generate-time>
  </meta>
  <registry>
    <key path="modules" val=""/>
    <key path="modules/events" val="events"/>
    <key path="modules/events/name" val="events"/>
    <key path="modules/events/title" val="Events"/>
    <key path="modules/events/description" val="Events"/>
    <key path="modules/events/filename" val="modules/events/class.php"/>
    <key path="modules/events/config" val="1" update="1"/>
    <key path="modules/events/ico" val="ico_events"/>
    <key path="modules/events/default_method" val="getUserSettings" update="1"/>
    <key path="modules/events/default_method_admin" val="last" update="1"/>
    <key path="modules/events/max-days-storing-events" val="30"/>
    <key path="modules/events/collect-events" val="0"/>
  </registry>
  <directories>
    <directory path="./classes/modules/events" name="events">/classes/modules/events</directory>
    <directory path="./classes/components/events" name="events">/classes/components/events</directory>
    <directory path="./styles/skins/mac/data/modules/events" name="events">/styles/skins/mac/data/modules/events</directory>
    <directory path="./styles/skins/modern/data/modules/events" name="events">/styles/skins/modern/data/modules/events</directory>
  </directories>
  <files>
    <file path="./classes/modules/events/__custom.php" size="84" ext="php" hash="012ef4964721353a64a2446e1614d535" name="__custom.php" only_install="true">/classes/modules/events/__custom.php</file>
    <file path="./classes/modules/events/permissions.php" size="155" ext="php" hash="110b930050ae2ce7aaea4b9bb8ea7d6e" name="permissions.php">/classes/modules/events/permissions.php</file>
    <file path="./classes/modules/events/lang.php" size="168" ext="php" hash="26b56d46fdb8277a5b7be0339df73972" name="lang.php">/classes/modules/events/lang.php</file>
    <file path="./classes/modules/events/__custom_adm.php" size="108" ext="php" hash="cfb2f6290aa40a1fe9afc8ca8b040c65" name="__custom_adm.php" only_install="true">/classes/modules/events/__custom_adm.php</file>
    <file path="./classes/modules/events/__admin.php" size="7279" ext="php" hash="2964c61b5d5ee7a4a14f880a220cb15f" name="__admin.php">/classes/modules/events/__admin.php</file>
    <file path="./classes/modules/events/events.php" size="1481" ext="php" hash="c4a9e9fe2b53864edd251b9deaf534f2" name="events.php">/classes/modules/events/events.php</file>
    <file path="./classes/modules/events/custom_events.php" size="10" ext="php" hash="14e24a38b5ee0bac2396cd0dbf288060" name="custom_events.php">/classes/modules/events/custom_events.php</file>
    <file path="./classes/modules/events/__events_handlers.php" size="10346" ext="php" hash="34156be8539eec5cf9f34e9a08fe2676" name="__events_handlers.php">/classes/modules/events/__events_handlers.php</file>
    <file path="./classes/modules/events/install.php" size="770" ext="php" hash="48988061aba037784725049e06189d3f" name="install.php">/classes/modules/events/install.php</file>
    <file path="./classes/modules/events/i18n.en.php" size="4784" ext="php" hash="770e52a77cfc136cb56b192323d2601c" name="i18n.en.php" only_install="true">/classes/modules/events/i18n.en.php</file>
    <file path="./classes/modules/events/class.php" size="3930" ext="php" hash="1f374c5950a716da1bda36c5b5e44270" name="class.php">/classes/modules/events/class.php</file>
    <file path="./classes/modules/events/i18n.php" size="6500" ext="php" hash="241a93b5ccf124cf32f21e374781f602" name="i18n.php">/classes/modules/events/i18n.php</file>
    <file path="./classes/components/events/permissions.php" size="405" ext="php" hash="e3dd0fb837f4a6b24edb17c1cacbd8f3" name="permissions.php">/classes/components/events/permissions.php</file>
    <file path="./classes/components/events/customMacros.php" size="155" ext="php" hash="ddcf918183bee0f23067d22a39b59b83" name="customMacros.php" only_install="true">/classes/components/events/customMacros.php</file>
    <file path="./classes/components/events/lang.php" size="237" ext="php" hash="0bc1c4a426baacab49101f0d04b7517a" name="lang.php">/classes/components/events/lang.php</file>
    <file path="./classes/components/events/customAdmin.php" size="208" ext="php" hash="62a00deecebdc6fac0e2240e1a90b266" name="customAdmin.php" only_install="true">/classes/components/events/customAdmin.php</file>
    <file path="./classes/components/events/events.php" size="1493" ext="php" hash="cc26a3094ab2131f560fa0c933c4c722" name="events.php">/classes/components/events/events.php</file>
    <file path="./classes/components/events/handlers.php" size="15627" ext="php" hash="699bf0173add0e89b4dbd9139b11d40c" name="handlers.php">/classes/components/events/handlers.php</file>
    <file path="./classes/components/events/admin.php" size="8611" ext="php" hash="c408d63cb7a693d3bf10adc19e0ebdfd" name="admin.php">/classes/components/events/admin.php</file>
    <file path="./classes/components/events/install.php" size="1127" ext="php" hash="56a28cd0855c672a7a5b479e5b073988" name="install.php">/classes/components/events/install.php</file>
    <file path="./classes/components/events/includes.php" size="69" ext="php" hash="d8390332e5eab88068b5d9fd59999fb5" name="includes.php">/classes/components/events/includes.php</file>
    <file path="./classes/components/events/i18n.en.php" size="4749" ext="php" hash="8ea39117326cc0fb5f461486f61e8454" name="i18n.en.php" only_install="true">/classes/components/events/i18n.en.php</file>
    <file path="./classes/components/events/class.php" size="4960" ext="php" hash="e9db2fa51fd745707e2a2aee3fcb087f" name="class.php">/classes/components/events/class.php</file>
    <file path="./classes/components/events/i18n.php" size="6513" ext="php" hash="07785cd2071fdaa53d94ecc10c028865" name="i18n.php">/classes/components/events/i18n.php</file>
    <file path="./classes/components/events/lang.en.php" size="233" ext="php" hash="0d1bb58e9035615da47870aee6387533" name="lang.en.php">/classes/components/events/lang.en.php</file>
    <file path="./styles/skins/mac/data/modules/events/settings.view.xsl" size="5969" ext="xsl" hash="326855d6a6e270b089937239c8c3886c" name="settings.view.xsl">/styles/skins/mac/data/modules/events/settings.view.xsl</file>
    <file path="./styles/skins/modern/data/modules/events/settings.view.xsl" size="8098" ext="xsl" hash="14ab4ae8d7c4dd1d20371a7d5afc752f" name="settings.view.xsl">/styles/skins/modern/data/modules/events/settings.view.xsl</file>
  </files>
  <langs/>
  <domains/>
  <templates/>
  <datatypes/>
  <types/>
  <objects/>
  <pages/>
  <entities/>
  <relations/>
  <options/>
  <restrictions/>
  <permissions/>
  <hierarchy/>
</umidump>
