<?xml version="1.0" encoding="utf-8"?>
<umidump xmlns:xlink="http://www.w3.org/TR/xlink" version="2.0">
  <meta>
    <site-name><![CDATA[umicms.demo site]]></site-name>
    <domain><![CDATA[updateserver.umihost.ru]]></domain>
    <lang><![CDATA[ru]]></lang>
    <source-name><![CDATA[system]]></source-name>
    <generate-time>
      <timestamp>1565357560</timestamp>
      <rfc>Fri, 09 Aug 2019 16:32:40 +0300</rfc>
      <utc>2019-08-09T16:32:40+03:00</utc>
    </generate-time>
  </meta>
  <registry>
    <key path="modules" val=""/>
    <key path="modules/backup" val="backup"/>
    <key path="modules/backup/name" val="backup"/>
    <key path="modules/backup/title" val="Backups"/>
    <key path="modules/backup/filename" val="modules/backup/class.php"/>
    <key path="modules/backup/config" val="1" update="1"/>
    <key path="modules/backup/default_method" val="temp_method" update="1"/>
    <key path="modules/backup/default_method_admin" val="snapshots" update="1"/>
    <key path="modules/backup/max_timelimit" val="30"/>
    <key path="modules/backup/max_save_actions" val="50"/>
    <key path="modules/backup/enabled" val="1"/>
  </registry>
  <directories>
    <directory path="./classes/modules/backup" name="backup">/classes/modules/backup</directory>
    <directory path="./classes/components/backup" name="backup">/classes/components/backup</directory>
    <directory path="./styles/skins/mac/data/modules/backup" name="backup">/styles/skins/mac/data/modules/backup</directory>
    <directory path="./styles/skins/modern/data/modules/backup" name="backup">/styles/skins/modern/data/modules/backup</directory>
  </directories>
  <files>
    <file path="./classes/modules/backup/__custom.php" size="86" ext="php" hash="b1d8c0ab8e2c380e3295f8be3f675932" name="__custom.php" only_install="true">/classes/modules/backup/__custom.php</file>
    <file path="./classes/modules/backup/permissions.php" size="35" ext="php" hash="d6e200ebb7f9ab8378c4f0fdb3172b73" name="permissions.php">/classes/modules/backup/permissions.php</file>
    <file path="./classes/modules/backup/lang.php" size="582" ext="php" hash="59cf9be742b1e03f58b228ee9f4a2812" name="lang.php">/classes/modules/backup/lang.php</file>
    <file path="./classes/modules/backup/__custom_adm.php" size="108" ext="php" hash="33b9ef2c68e68ac6d3c61e853fa8e706" name="__custom_adm.php" only_install="true">/classes/modules/backup/__custom_adm.php</file>
    <file path="./classes/modules/backup/__admin.php" size="5746" ext="php" hash="c57fe4d11dd6185205d75e6dcacc3c6d" name="__admin.php">/classes/modules/backup/__admin.php</file>
    <file path="./classes/modules/backup/events.php" size="79" ext="php" hash="845c2e18286645b7a64fd8aa8b5390d7" name="events.php">/classes/modules/backup/events.php</file>
    <file path="./classes/modules/backup/install.php" size="1743" ext="php" hash="a0913d1ccfa6959e96753fe93c83be6b" name="install.php">/classes/modules/backup/install.php</file>
    <file path="./classes/modules/backup/i18n.en.php" size="1637" ext="php" hash="ddf19c4d13d66f28b059478174271335" name="i18n.en.php" only_install="true">/classes/modules/backup/i18n.en.php</file>
    <file path="./classes/modules/backup/class.php" size="1752" ext="php" hash="7fa01065dbf3996c873a5d29c78d4d1e" name="class.php">/classes/modules/backup/class.php</file>
    <file path="./classes/modules/backup/i18n.php" size="2459" ext="php" hash="1a7aab006e980a5a35126a4aec7c7700" name="i18n.php">/classes/modules/backup/i18n.php</file>
    <file path="./classes/components/backup/permissions.php" size="731" ext="php" hash="4c8f95296fb8780fbf47b68084c9d82e" name="permissions.php">/classes/components/backup/permissions.php</file>
    <file path="./classes/components/backup/customMacros.php" size="155" ext="php" hash="e52ad9df4855a73fc6bbe226eeb6e7ea" name="customMacros.php" only_install="true">/classes/components/backup/customMacros.php</file>
    <file path="./classes/components/backup/lang.php" size="570" ext="php" hash="a0a3fb81c6692b7eeeebde8486c1e03b" name="lang.php">/classes/components/backup/lang.php</file>
    <file path="./classes/components/backup/customAdmin.php" size="208" ext="php" hash="d080e0ceee0d36447c664bf22e6705ca" name="customAdmin.php" only_install="true">/classes/components/backup/customAdmin.php</file>
    <file path="./classes/components/backup/events.php" size="176" ext="php" hash="15cc7682da46d6547d8aced53b1e244e" name="events.php">/classes/components/backup/events.php</file>
    <file path="./classes/components/backup/handlers.php" size="1062" ext="php" hash="044ada012003d592d4ff76ab9d0f2328" name="handlers.php">/classes/components/backup/handlers.php</file>
    <file path="./classes/components/backup/admin.php" size="2253" ext="php" hash="ef491ac56db37da27d0389120743089e" name="admin.php">/classes/components/backup/admin.php</file>
    <file path="./classes/components/backup/install.php" size="1224" ext="php" hash="7f388ecd0613550549c82fd2de51c0c6" name="install.php">/classes/components/backup/install.php</file>
    <file path="./classes/components/backup/includes.php" size="69" ext="php" hash="d8390332e5eab88068b5d9fd59999fb5" name="includes.php">/classes/components/backup/includes.php</file>
    <file path="./classes/components/backup/i18n.en.php" size="1925" ext="php" hash="b0c685cfb088600b407a2eea7d6ca024" name="i18n.en.php" only_install="true">/classes/components/backup/i18n.en.php</file>
    <file path="./classes/components/backup/class.php" size="6423" ext="php" hash="3b5fa9bd053fb9420793f5088b7911fe" name="class.php">/classes/components/backup/class.php</file>
    <file path="./classes/components/backup/i18n.php" size="3158" ext="php" hash="d2ceb67ebadeadb26e87d4ce649053a1" name="i18n.php">/classes/components/backup/i18n.php</file>
    <file path="./classes/components/backup/lang.en.php" size="454" ext="php" hash="e091811230cc5f6535f269d1028c5305" name="lang.en.php">/classes/components/backup/lang.en.php</file>
    <file path="./styles/skins/mac/data/modules/backup/list.view.xsl" size="4105" ext="xsl" hash="a8af9e984dd5f452cd9e27e23c21a43e" name="list.view.xsl">/styles/skins/mac/data/modules/backup/list.view.xsl</file>
    <file path="./styles/skins/mac/data/modules/backup/settings.modify.xsl" size="4483" ext="xsl" hash="609ec91c04d069b233e7b464cbe14847" name="settings.modify.xsl">/styles/skins/mac/data/modules/backup/settings.modify.xsl</file>
    <file path="./styles/skins/modern/data/modules/backup/list.view.xsl" size="4650" ext="xsl" hash="44d612d071346236fbab3fe6c88af275" name="list.view.xsl">/styles/skins/modern/data/modules/backup/list.view.xsl</file>
    <file path="./styles/skins/modern/data/modules/backup/settings.modify.xsl" size="5432" ext="xsl" hash="dcad881eabbe4d5c72c919b927b09a0f" name="settings.modify.xsl">/styles/skins/modern/data/modules/backup/settings.modify.xsl</file>
  </files>
  <langs/>
  <domains/>
  <templates/>
  <datatypes/>
  <types/>
  <objects/>
  <pages/>
  <entities/>
  <relations/>
  <options/>
  <restrictions/>
  <permissions/>
  <hierarchy/>
</umidump>
