<?xml version="1.0" encoding="utf-8"?>
<umidump xmlns:xlink="http://www.w3.org/TR/xlink" version="2.0">
  <meta>
    <site-name><![CDATA[umicms.demo site]]></site-name>
    <domain><![CDATA[fmarket2.screator.pro]]></domain>
    <lang><![CDATA[ru]]></lang>
    <source-name><![CDATA[cpunumpages]]></source-name>
    <generate-time>
      <timestamp>1485424741</timestamp>
      <rfc>Thu, 26 Jan 2017 12:59:01 +0300</rfc>
      <utc>2017-01-26T12:59:01+03:00</utc>
    </generate-time>
  </meta>
  <registry/>
  <directories/>
  <files>
    <file path="./cpuindex.php" size="747" ext="php" hash="a32fc7f58df39a0f6a48c861fef228b2" name="cpuindex.php">/cpuindex.php</file>
    <file path="./classes/modules/seo/ext/admin_numpages.php" size="1947" ext="php" hash="4e138ed4045b0c6bd5d73795c12c64b6" name="admin_numpages.php">/classes/modules/seo/ext/admin_numpages.php</file>
    <file path="./classes/modules/seo/ext/i18n.numpages.ru.php" size="214" ext="php" hash="3ca7068efddff997487d4c3424234284" name="i18n.numpages.ru.php">/classes/modules/seo/ext/i18n.numpages.ru.php</file>
    <file path="./classes/modules/seo/ext/permissions.numpages.php" size="61" ext="php" hash="aaa25335ba966cbc05897e9b1576d2d3" name="permissions.numpages.php">/classes/modules/seo/ext/permissions.numpages.php</file>
    <file path="./classes/modules/seo/ext/site_numpages.php" size="3100" ext="php" hash="a991ce2399b49c17a6ff090b9d4a63d2" name="site_numpages.php">/classes/modules/seo/ext/site_numpages.php</file>
    <file path="./classes/components/seo/ext/admin_numpages.php" size="2140" ext="php" hash="501560e7ff59e51e2c8bf26cd0e6f8b5" name="admin_numpages.php">/classes/components/seo/ext/admin_numpages.php</file>
    <file path="./classes/components/seo/ext/i18n.numpages.ru.php" size="214" ext="php" hash="3ca7068efddff997487d4c3424234284" name="i18n.numpages.ru.php">/classes/components/seo/ext/i18n.numpages.ru.php</file>
    <file path="./classes/components/seo/ext/permissions.numpages.php" size="61" ext="php" hash="aaa25335ba966cbc05897e9b1576d2d3" name="permissions.numpages.php">/classes/components/seo/ext/permissions.numpages.php</file>
    <file path="./classes/components/seo/ext/site_numpages.php" size="3097" ext="php" hash="6296f82bcdf13f3252f8d6d90831dc16" name="site_numpages.php">/classes/components/seo/ext/site_numpages.php</file>
    <file path="./styles/skins/modern/data/modules/seo/ext/settings.modify.numpages.xsl" size="3889" ext="xsl" hash="effe91d427a6926a22700646836cce55" name="settings.modify.numpages.xsl">/styles/skins/modern/data/modules/seo/ext/settings.modify.numpages.xsl</file>
    <file path="./styles/skins/mac/data/modules/seo/ext/settings.modify.numpages.xsl" size="2893" ext="xsl" hash="47ebb8dd5461072825e6c98559c93dda" name="settings.modify.numpages.xsl">/styles/skins/mac/data/modules/seo/ext/settings.modify.numpages.xsl</file>
    <file path="./man/ru/seo/numpages.html" size="493" ext="html" hash="01005c6773e6b37f6b82795c5b4559ee" name="numpages.html">/man/ru/seo/numpages.html</file>
  </files>
  <langs/>
  <domains/>
  <templates/>
  <datatypes/>
  <types/>
  <objects/>
  <pages/>
  <relations/>
  <options/>
  <restrictions/>
  <permissions/>
  <hierarchy/>
</umidump>
