<?xml version="1.0" encoding="utf-8"?>
<umidump xmlns:xlink="http://www.w3.org/TR/xlink" version="2.0">
  <meta>
    <site-name><![CDATA[umicms.demo site]]></site-name>
    <domain><![CDATA[updateserver.umihost.ru]]></domain>
    <lang><![CDATA[ru]]></lang>
    <source-name><![CDATA[system]]></source-name>
    <generate-time>
      <timestamp>1565357562</timestamp>
      <rfc>Fri, 09 Aug 2019 16:32:42 +0300</rfc>
      <utc>2019-08-09T16:32:42+03:00</utc>
    </generate-time>
  </meta>
  <registry>
    <key path="modules" val=""/>
    <key path="modules/blogs20" val="blogs20"/>
    <key path="modules/blogs20/verison" val="2.0.0.0"/>
    <key path="modules/blogs20/name" val="blogs20"/>
    <key path="modules/blogs20/filename" val="modules/blogs20/class.php"/>
    <key path="modules/blogs20/config" val="1" update="1"/>
    <key path="modules/blogs20/ico" val="ico_blogs20"/>
    <key path="modules/blogs20/default_method" val="blogsList" update="1"/>
    <key path="modules/blogs20/default_method_admin" val="posts" update="1"/>
    <key path="modules/blogs20/paging" val=""/>
    <key path="modules/blogs20/paging/blogs" val="10"/>
    <key path="modules/blogs20/paging/posts" val="10"/>
    <key path="modules/blogs20/paging/comments" val="50"/>
    <key path="modules/blogs20/blogs_per_user" val="5"/>
    <key path="modules/blogs20/allow_guest_comments" val="1"/>
    <key path="modules/blogs20/notifications" val=""/>
    <key path="modules/blogs20/notifications/on_comment_add" val="1"/>
  </registry>
  <directories>
    <directory path="./classes/modules/blogs20" name="blogs20">/classes/modules/blogs20</directory>
    <directory path="./classes/components/blogs20" name="blogs20">/classes/components/blogs20</directory>
    <directory path="./styles/skins/mac/data/modules/blogs20" name="blogs20">/styles/skins/mac/data/modules/blogs20</directory>
    <directory path="./styles/skins/modern/data/modules/blogs20" name="blogs20">/styles/skins/modern/data/modules/blogs20</directory>
  </directories>
  <files>
    <file path="./classes/modules/blogs20/__custom.php" size="84" ext="php" hash="c95a8d34d695e7db27d748f8bb2afcd3" name="__custom.php" only_install="true">/classes/modules/blogs20/__custom.php</file>
    <file path="./classes/modules/blogs20/permissions.php" size="504" ext="php" hash="8bb85e877f9d2c24daf8394e987c127b" name="permissions.php">/classes/modules/blogs20/permissions.php</file>
    <file path="./classes/modules/blogs20/lang.php" size="1304" ext="php" hash="f1b00bbf0eb1cc41aa953462f96f6aa6" name="lang.php">/classes/modules/blogs20/lang.php</file>
    <file path="./classes/modules/blogs20/__custom_adm.php" size="109" ext="php" hash="b6b17c8308edcf59e683f06baa13ae0a" name="__custom_adm.php" only_install="true">/classes/modules/blogs20/__custom_adm.php</file>
    <file path="./classes/modules/blogs20/__import.php" size="5323" ext="php" hash="ba0d81d1f513103b78b3066c4b4477e4" name="__import.php">/classes/modules/blogs20/__import.php</file>
    <file path="./classes/modules/blogs20/__admin.php" size="9061" ext="php" hash="3ec6f9437d49f41946b34f8820163b1f" name="__admin.php">/classes/modules/blogs20/__admin.php</file>
    <file path="./classes/modules/blogs20/events.php" size="271" ext="php" hash="74170b04474dc227263ad9f7f3a0cb46" name="events.php">/classes/modules/blogs20/events.php</file>
    <file path="./classes/modules/blogs20/__events_handlers.php" size="3409" ext="php" hash="98778d5c4ec01e08d5818b2d630f6187" name="__events_handlers.php">/classes/modules/blogs20/__events_handlers.php</file>
    <file path="./classes/modules/blogs20/install.php" size="1556" ext="php" hash="ebb4f908ae94278b7a614582ca111e8f" name="install.php">/classes/modules/blogs20/install.php</file>
    <file path="./classes/modules/blogs20/i18n.en.php" size="1923" ext="php" hash="65de8ee6a9b041da6177d7d2ed72a3bb" name="i18n.en.php" only_install="true">/classes/modules/blogs20/i18n.en.php</file>
    <file path="./classes/modules/blogs20/class.php" size="49515" ext="php" hash="a2ce3c68bf08d25bd39ca549d4f8d2b6" name="class.php">/classes/modules/blogs20/class.php</file>
    <file path="./classes/modules/blogs20/i18n.php" size="3327" ext="php" hash="b206435dc0453fe9485cb33cea25b3c9" name="i18n.php">/classes/modules/blogs20/i18n.php</file>
    <file path="./classes/components/blogs20/macros.php" size="52353" ext="php" hash="52e559456320961624cf4cd1b9af78ea" name="macros.php">/classes/components/blogs20/macros.php</file>
    <file path="./classes/components/blogs20/permissions.php" size="1299" ext="php" hash="46911554b0161dde74ac9b50cdfc89ac" name="permissions.php">/classes/components/blogs20/permissions.php</file>
    <file path="./classes/components/blogs20/customMacros.php" size="155" ext="php" hash="98314307cd274554e4b29c884ede77d2" name="customMacros.php" only_install="true">/classes/components/blogs20/customMacros.php</file>
    <file path="./classes/components/blogs20/lang.php" size="1358" ext="php" hash="f5056d2b6dfc6d29e6f7974ce9bdeff0" name="lang.php">/classes/components/blogs20/lang.php</file>
    <file path="./classes/components/blogs20/customAdmin.php" size="206" ext="php" hash="8350914513358eeee731d7f66e8ec3c1" name="customAdmin.php" only_install="true">/classes/components/blogs20/customAdmin.php</file>
    <file path="./classes/components/blogs20/events.php" size="313" ext="php" hash="98f25ef56d97f4444ddafe368dcc9e7b" name="events.php">/classes/components/blogs20/events.php</file>
    <file path="./classes/components/blogs20/handlers.php" size="6216" ext="php" hash="95b941ce96ea6fc4c1d9f7cf35998c08" name="handlers.php">/classes/components/blogs20/handlers.php</file>
    <file path="./classes/components/blogs20/admin.php" size="11140" ext="php" hash="89d70123470f725ce64001fd37ddc375" name="admin.php">/classes/components/blogs20/admin.php</file>
    <file path="./classes/components/blogs20/install.php" size="1664" ext="php" hash="be00da794227dfbd946ffa919af7db5d" name="install.php">/classes/components/blogs20/install.php</file>
    <file path="./classes/components/blogs20/includes.php" size="69" ext="php" hash="d8390332e5eab88068b5d9fd59999fb5" name="includes.php">/classes/components/blogs20/includes.php</file>
    <file path="./classes/components/blogs20/i18n.en.php" size="3039" ext="php" hash="4dfa0507eb33124dc065125f59d416cc" name="i18n.en.php" only_install="true">/classes/components/blogs20/i18n.en.php</file>
    <file path="./classes/components/blogs20/class.php" size="4353" ext="php" hash="62befb6f2bb3bf9dda75f76d63f2b5e7" name="class.php">/classes/components/blogs20/class.php</file>
    <file path="./classes/components/blogs20/i18n.php" size="4514" ext="php" hash="4ee72b36db8609152055559226d3b0a8" name="i18n.php">/classes/components/blogs20/i18n.php</file>
    <file path="./classes/components/blogs20/lang.en.php" size="982" ext="php" hash="bddaf96cbd52f8c14aba2b0a6eaf4415" name="lang.en.php">/classes/components/blogs20/lang.en.php</file>
    <file path="./styles/skins/mac/data/modules/blogs20/list.view.xsl" size="2900" ext="xsl" hash="313889ebdae66b5d75897edaa09baf43" name="list.view.xsl">/styles/skins/mac/data/modules/blogs20/list.view.xsl</file>
    <file path="./styles/skins/mac/data/modules/blogs20/settings.modify.xsl" size="809" ext="xsl" hash="531508fc7e5dcfa8bca3f58be904b1ad" name="settings.modify.xsl">/styles/skins/mac/data/modules/blogs20/settings.modify.xsl</file>
    <file path="./styles/skins/modern/data/modules/blogs20/list.view.xsl" size="3693" ext="xsl" hash="5db4d3eec5d54bdd7b75dbadfb4272cb" name="list.view.xsl">/styles/skins/modern/data/modules/blogs20/list.view.xsl</file>
    <file path="./styles/skins/modern/data/modules/blogs20/settings.modify.xsl" size="782" ext="xsl" hash="9f2194660eef3ddaf0d4941dca94b8d0" name="settings.modify.xsl">/styles/skins/modern/data/modules/blogs20/settings.modify.xsl</file>
  </files>
  <langs/>
  <domains/>
  <templates/>
  <datatypes/>
  <types>
    <type id="7" guid="root-guides-type" title="Справочники" parent-id="0" domain-id="0" locked="locked">
      <base/>
      <fieldgroups/>
    </type>
    <type id="745" guid="de8627f75ba1abcfafd00a0e75ad189105cfdc21" title="Статус страницы" parent-id="7" domain-id="0" guide="guide" public="public" locked="locked">
      <base/>
      <fieldgroups>
        <group name="svojstva_statusa_stranicy" title="Свойства статуса страницы" visible="visible" active="active">
          <field id="9027" name="publish_status_id" title="id статуса" visible="visible" locked="locked">
            <type name="Строка" data-type="string"/>
          </field>
        </group>
      </fieldgroups>
    </type>
    <type id="{root-pages-type}" guid="root-pages-type" title="Раздел сайта" parent-id="0" domain-id="0" locked="locked">
      <base/>
      <fieldgroups>
        <group name="common" title="Основные параметры" locked="locked" active="active" visible="0">
          <field id="22" name="title" title="Поле title" visible="visible" inheritable="inheritable" locked="locked" indexable="indexable">
            <type name="Строка" data-type="string"/>
          </field>
          <field id="23" name="h1" title="Поле h1" visible="visible" inheritable="inheritable" locked="locked" indexable="indexable" important="important">
            <type name="Строка" data-type="string"/>
          </field>
          <field id="26" name="content" title="Контент" visible="visible" locked="locked" indexable="indexable" important="important">
            <type name="HTML-текст" data-type="wysiwyg"/>
          </field>
          <field id="25" name="meta_descriptions" title="Поле meta description" visible="visible" inheritable="inheritable" locked="locked" indexable="indexable">
            <type name="Строка" data-type="string"/>
          </field>
          <field id="24" name="meta_keywords" title="Поле meta keywords" visible="visible" inheritable="inheritable" locked="locked" indexable="indexable">
            <type name="Строка" data-type="string"/>
          </field>
          <field id="8837" name="tags" title="Теги" visible="visible" locked="locked">
            <type name="Теги" data-type="tags" multiple="multiple"/>
          </field>
          <tip>Основные настройки страницы</tip>
        </group>
        <group name="menu_view" title="Отображение в меню" locked="locked" active="active" visible="0">
          <field id="27" name="menu_pic_ua" title="Изображение неактивного раздела" visible="visible" locked="locked">
            <type name="Изображение" data-type="img_file"/>
          </field>
          <field id="28" name="menu_pic_a" title="Изображение активного раздела" visible="visible" locked="locked">
            <type name="Изображение" data-type="img_file"/>
          </field>
          <field id="29" name="header_pic" title="Изображение для заголовка" visible="visible" locked="locked">
            <type name="Изображение" data-type="img_file"/>
          </field>
        </group>
        <group name="more_params" title="Дополнительные параметры" locked="locked" active="active" visible="0">
          <field id="30" name="robots_deny" title="Запретить индексацию поисковиками" visible="visible" inheritable="inheritable" locked="locked">
            <type name="Кнопка-флажок" data-type="boolean"/>
          </field>
          <field id="31" name="show_submenu" title="Показывать подменю" visible="visible" inheritable="inheritable" locked="locked">
            <type name="Кнопка-флажок" data-type="boolean"/>
          </field>
          <field id="32" name="is_expanded" title="Меню всегда развернуто" visible="visible" inheritable="inheritable" locked="locked">
            <type name="Кнопка-флажок" data-type="boolean"/>
          </field>
          <field id="33" name="is_unindexed" title="Исключить из поиска" visible="visible" inheritable="inheritable" locked="locked">
            <type name="Кнопка-флажок" data-type="boolean"/>
          </field>
          <tip>Настройки отображения страницы и её поисковой индексации</tip>
        </group>
        <group name="rate_props" title="Свойства рейтинга" locked="locked" active="active" visible="0">
          <field id="8903" name="rate_voters" title="Количество проголосовавших" locked="locked" system="system">
            <type name="Число" data-type="int"/>
          </field>
          <field id="8904" name="rate_sum" title="Сумма баллов" locked="locked" system="system">
            <type name="Число" data-type="int"/>
          </field>
        </group>
        <group name="svojstva_publikacii" title="Актуальность публикации" visible="visible" locked="locked" active="0">
          <field id="9024" name="expiration_date" title="Дата снятия с публикации" visible="visible" locked="locked">
            <type name="Дата" data-type="date"/>
          </field>
          <field id="9025" name="notification_date" title="Дата уведомления" visible="visible" locked="locked">
            <type name="Дата" data-type="date"/>
          </field>
          <field id="9026" name="publish_comments" title="Комментарий к публикации" visible="visible" locked="locked">
            <type name="Простой текст" data-type="text"/>
          </field>
          <field id="9029" name="publish_status" title="Статус публикации" visible="visible" locked="locked" guide-id="745">
            <type name="Выпадающий список" data-type="relation"/>
          </field>
          <tip>Управление статусом публикации</tip>
        </group>
        <group name="locks" title="Блокировка" visible="visible" locked="locked" active="active">
          <field id="9030" name="locktime" title="Время блокировки" visible="visible" locked="locked" system="system">
            <type name="Дата" data-type="date"/>
          </field>
          <field id="9031" name="lockuser" title="Блокирующий пользователь" visible="visible" locked="locked" system="system">
            <type name="Число" data-type="int"/>
          </field>
        </group>
      </fieldgroups>
    </type>
    <type id="6" guid="users-users" title="Группы пользователей" parent-id="0" domain-id="0" guide="guide" locked="locked">
      <base module="users" method="users">Группы пользователей</base>
      <fieldgroups>
        <group name="svojstva_gruppy_polzovatelej" title="Свойства группы пользователей" locked="locked" active="active" visible="0">
          <field id="8896" name="nazvanie" title="Название" locked="locked" important="important">
            <type name="Строка" data-type="string"/>
          </field>
          <tip>Общие настройки группы пользователей</tip>
        </group>
      </fieldgroups>
    </type>
    <type id="693" guid="d69b923df6140a16aefc89546a384e0493641fbe" title="Страны" parent-id="7" domain-id="0" guide="guide" public="public" locked="locked">
      <base/>
      <fieldgroups>
        <group name="params_more" title="Дополнительно" visible="visible" active="active">
          <field id="9342" name="country_iso_code" title="Код страны" visible="visible" locked="locked">
            <type name="Строка" data-type="string"/>
            <tip>Страна в формате ISO 3166-1 alpha-2</tip>
          </field>
        </group>
      </fieldgroups>
    </type>
    <type id="803" guid="emarket-deliveryaddress" title="Адрес доставки" parent-id="7" domain-id="0" guide="guide" locked="locked">
      <base module="emarket" method="delivery_address">Адрес доставки</base>
      <fieldgroups>
        <group name="common" title="Основное" visible="visible" active="active">
          <field id="9160" name="country" title="Страна" visible="visible" guide-id="693" required="required">
            <type name="Выпадающий список" data-type="relation"/>
          </field>
          <field id="9161" name="index" title="Почтовый индекс" visible="visible" required="required" important="important">
            <type name="Число" data-type="int"/>
          </field>
          <field id="9162" name="region" title="Регион" visible="visible">
            <type name="Строка" data-type="string"/>
          </field>
          <field id="9163" name="city" title="Город" visible="visible" required="required" important="important">
            <type name="Строка" data-type="string"/>
          </field>
          <field id="9164" name="street" title="Улица" visible="visible" required="required" important="important">
            <type name="Строка" data-type="string"/>
          </field>
          <field id="9165" name="house" title="Дом" visible="visible" required="required" important="important">
            <type name="Строка" data-type="string"/>
          </field>
          <field id="9166" name="flat" title="Квартира" visible="visible" important="important">
            <type name="Строка" data-type="string"/>
          </field>
        </group>
      </fieldgroups>
    </type>
    <type id="780" guid="emarket-currency" title="Валюта" parent-id="0" domain-id="0" guide="guide" public="public" locked="locked">
      <base module="emarket" method="currency">Валюта</base>
      <fieldgroups>
        <group name="props_currency" title="Свойства валюты" visible="visible" active="active">
          <field id="9116" name="codename" title="Код валюты" visible="visible" required="required" important="important">
            <type name="Строка" data-type="string"/>
          </field>
          <field id="9117" name="nominal" title="Номинал" visible="visible" required="required" important="important">
            <type name="Число" data-type="int"/>
          </field>
          <field id="9118" name="rate" title="Курс" visible="visible" required="required" important="important">
            <type name="Число с точкой" data-type="float"/>
          </field>
          <field id="9119" name="prefix" title="Префикс" visible="visible">
            <type name="Строка" data-type="string"/>
          </field>
          <field id="9120" name="suffix" title="Суффикс" visible="visible">
            <type name="Строка" data-type="string"/>
          </field>
          <tip>Общие настройки валюты</tip>
        </group>
      </fieldgroups>
    </type>
    <type id="779" guid="emarket-itemtype" title="Тип товара" parent-id="7" domain-id="0" guide="guide" public="public" locked="locked">
      <base module="emarket" method="item_type">Тип товара</base>
      <fieldgroups>
        <group name="item_type_props" title="Свойства типа товара" visible="visible" active="active">
          <field id="9101" name="class_name" title="Идентификатор типа товара" visible="visible" required="required" important="important">
            <type name="Строка" data-type="string"/>
          </field>
        </group>
      </fieldgroups>
    </type>
    <type id="762" guid="emarket-discounttype" title="Тип скидки" parent-id="7" domain-id="0" guide="guide" public="public" locked="locked">
      <base module="emarket" method="discount_type">Тип скидки</base>
      <fieldgroups>
        <group name="discount_type_props" title="Свойства типа скидки" visible="visible" active="active">
          <field id="9075" name="codename" title="Строковой id" visible="visible" required="required" important="important">
            <type name="Строка" data-type="string"/>
          </field>
          <field id="9076" name="description" title="Описание" visible="visible" important="important">
            <type name="Строка" data-type="string"/>
          </field>
        </group>
      </fieldgroups>
    </type>
    <type id="792" guid="96e388c0b3b7fd874b48621e850335a8f06ca58d" title="Справочник для поля \&quot;Модификатор цены\&quot;" parent-id="7" domain-id="0" guide="guide" public="public" locked="locked">
      <base/>
      <fieldgroups/>
    </type>
    <type id="793" guid="6fe3dfe314684a658c1b19ca7a8e3abd29afe23e" title="Справочник для поля \&quot;Правила валидации\&quot;" parent-id="7" domain-id="0" guide="guide" public="public" locked="locked">
      <base/>
      <fieldgroups/>
    </type>
    <type id="765" guid="emarket-discount" title="Скидка" parent-id="0" domain-id="0" guide="guide" public="public" locked="locked">
      <base module="emarket" method="discount">Скидка</base>
      <fieldgroups>
        <group name="discount_props" title="Свойства скидки" visible="visible" active="active">
          <field id="9079" name="discount_type_id" title="Тип скидки" visible="visible" guide-id="762" required="required" important="important">
            <type name="Выпадающий список" data-type="relation"/>
            <tip>Определяет область применения скидки</tip>
          </field>
          <field id="9080" name="discount_modificator_id" title="Модификатор цены" visible="visible" guide-id="792" important="important">
            <type name="Выпадающий список" data-type="relation"/>
            <tip>Определяет, по какому принципу будет пересчитываться цена</tip>
          </field>
          <field id="9081" name="discount_rules_id" title="Правила валидации" visible="visible" guide-id="793" important="important">
            <type name="Выпадающий список с множественным выбором" data-type="relation" multiple="multiple"/>
            <tip>Определяют ограничения по применению скидки</tip>
          </field>
          <field id="8796" name="is_active" title="Активен" visible="visible" locked="locked" important="important">
            <type name="Кнопка-флажок" data-type="boolean"/>
          </field>
          <field id="9097" name="description" title="Описание" visible="visible" important="important">
            <type name="Простой текст" data-type="text"/>
          </field>
          <tip>Управление скидками на товары</tip>
        </group>
      </fieldgroups>
    </type>
    <type id="844" guid="tax-rate-guide" title="Ставки НДС" parent-id="7" domain-id="0" guide="guide" locked="locked">
      <base/>
      <fieldgroups>
        <group name="common" title="Общие параметры" visible="visible" locked="locked" active="active">
          <field id="9510" name="yandex_id" title="Идентификатор для Яндекс.Касса" visible="visible" locked="locked" required="required" important="important" system="system">
            <type name="Число" data-type="int"/>
          </field>
          <field id="9523" name="payonline_id" title="Идентификатор для PayOnline" visible="visible" locked="locked" required="required" important="important" system="system">
            <type name="Строка" data-type="string"/>
          </field>
          <field id="9513" name="robokassa_id" title="Идентификатор для Robokassa" visible="visible" locked="locked" required="required" important="important" system="system">
            <type name="Строка" data-type="string"/>
          </field>
          <field id="9520" name="payanyway_id" title="Идентификатор для PayAnyWay" visible="visible" locked="locked" required="required" important="important" system="system">
            <type name="Число" data-type="int"/>
          </field>
          <field id="9527" name="sberbank_id" title="Идентификатор для Сбербанка" visible="visible" locked="locked" required="required" important="important" system="system">
            <type name="Число" data-type="int"/>
          </field>
          <field id="9528" name="tax" title="Ставка" visible="visible" locked="locked" important="important" system="system">
            <type name="Строка" data-type="string"/>
          </field>
        </group>
      </fieldgroups>
    </type>
    <type id="847" guid="payment_mode" title="Способ расчета" parent-id="7" domain-id="0" guide="guide">
      <base/>
      <fieldgroups>
        <group name="common" title="common" visible="visible" active="active">
          <field id="9537" name="yandex_id" title="Идентификатор для Яндекс.Касса" visible="visible" locked="locked" required="required" important="important" system="system">
            <type name="Строка" data-type="string"/>
          </field>
          <field id="9538" name="robokassa_id" title="Идентификатор для Robokassa" visible="visible" locked="locked" required="required" important="important" system="system">
            <type name="Строка" data-type="string"/>
          </field>
          <field id="9539" name="payanyway_id" title="Идентификатор для PayAnyWay" visible="visible" locked="locked" required="required" important="important" system="system">
            <type name="Строка" data-type="string"/>
          </field>
          <field id="9540" name="payonline_id" title="Идентификатор для PayOnline" visible="visible" locked="locked" required="required" important="important" system="system">
            <type name="Число" data-type="int"/>
          </field>
          <field id="9541" name="sberbank_id" title="Идентификатор для Сбербанка" visible="visible" locked="locked" required="required" important="important" system="system">
            <type name="Число" data-type="int"/>
          </field>
        </group>
      </fieldgroups>
    </type>
    <type id="846" guid="payment_subject" title="Предмет расчета" parent-id="7" domain-id="0" guide="guide">
      <base/>
      <fieldgroups>
        <group name="common" title="common" visible="visible" active="active">
          <field id="9532" name="yandex_id" title="Идентификатор для Яндекс.Касса" visible="visible" locked="locked" required="required" important="important" system="system">
            <type name="Строка" data-type="string"/>
          </field>
          <field id="9533" name="robokassa_id" title="Идентификатор для Robokassa" visible="visible" locked="locked" required="required" important="important" system="system">
            <type name="Строка" data-type="string"/>
          </field>
          <field id="9534" name="payanyway_id" title="Идентификатор для PayAnyWay" visible="visible" locked="locked" required="required" important="important" system="system">
            <type name="Строка" data-type="string"/>
          </field>
          <field id="9535" name="payonline_id" title="Идентификатор для PayOnline" visible="visible" locked="locked" required="required" important="important" system="system">
            <type name="Число" data-type="int"/>
          </field>
          <field id="9536" name="sberbank_id" title="Идентификатор для Сбербанка" visible="visible" locked="locked" required="required" important="important" system="system">
            <type name="Число" data-type="int"/>
          </field>
        </group>
      </fieldgroups>
    </type>
    <type id="757" guid="emarket-itemoption" title="Опции товара" parent-id="7" domain-id="0" guide="guide" public="public" locked="locked">
      <base module="emarket" method="item_option">Опция товара</base>
      <fieldgroups/>
    </type>
    <type id="756" guid="emarket-orderitem" title="Наименование в заказе" parent-id="7" domain-id="0" guide="guide" locked="locked">
      <base module="emarket" method="order_item">Наименование в заказе</base>
      <fieldgroups>
        <group name="item_props" title="Свойства наименования" visible="visible" active="active">
          <field id="9072" name="item_amount" title="Количество единиц товара" visible="visible" important="important">
            <type name="Число" data-type="int"/>
          </field>
          <field id="9071" name="item_price" title="Стоимость единицы товара без учета скидки" visible="visible" important="important">
            <type name="Число с точкой" data-type="float"/>
          </field>
          <field id="9109" name="item_total_original_price" title="Полная стоимость без учета скидки" visible="visible" important="important">
            <type name="Цена" data-type="price"/>
          </field>
          <field id="9515" name="item_actual_price" title="Стоимость единицы товара с учетом скидки" visible="visible" important="important">
            <type name="Число с точкой" data-type="float"/>
          </field>
          <field id="9073" name="item_total_price" title="Полная стоимость с учетом скидки" visible="visible" important="important">
            <type name="Цена" data-type="price"/>
          </field>
          <field id="9103" name="item_type_id" title="Тип товара" visible="visible" guide-id="779" important="important">
            <type name="Выпадающий список" data-type="relation"/>
          </field>
          <field id="9104" name="item_link" title="Товар в магазине" visible="visible" important="important">
            <type name="Ссылка на дерево" data-type="symlink" multiple="multiple"/>
          </field>
          <field id="9105" name="item_discount_id" title="Скидка на наименование" visible="visible" guide-id="765" important="important">
            <type name="Выпадающий список" data-type="relation"/>
          </field>
          <field id="9468" name="item_discount_value" title="Размер скидки на наименование заказа" visible="visible" locked="locked" important="important">
            <type name="Цена" data-type="price"/>
            <tip>Размер скидки на наименование заказа</tip>
          </field>
          <field id="9491" name="weight" title="Вес" visible="visible" locked="locked" important="important">
            <type name="Число с точкой" data-type="float"/>
          </field>
          <field id="9492" name="width" title="Ширина" visible="visible" locked="locked" important="important">
            <type name="Число с точкой" data-type="float"/>
          </field>
          <field id="9493" name="height" title="Высота" visible="visible" locked="locked" important="important">
            <type name="Число с точкой" data-type="float"/>
          </field>
          <field id="9494" name="length" title="Длина" visible="visible" locked="locked" important="important">
            <type name="Число с точкой" data-type="float"/>
          </field>
          <field id="9511" name="tax_rate_id" title="Ставка НДС" visible="visible" locked="locked" guide-id="844" important="important">
            <type name="Выпадающий список" data-type="relation"/>
          </field>
          <field id="9554" name="payment_mode" title="Предмет расчета" visible="visible" locked="locked" guide-id="847" important="important">
            <type name="Выпадающий список" data-type="relation"/>
          </field>
          <field id="9555" name="payment_subject" title="Способ расчета" visible="visible" locked="locked" guide-id="846" important="important">
            <type name="Выпадающий список" data-type="relation"/>
          </field>
        </group>
        <group name="item_optioned_props" title="Опции товара" visible="visible" active="active">
          <field id="9070" name="options" title="Опции товара" visible="visible" guide-id="757" important="important">
            <type name="Составное" data-type="optioned" multiple="multiple"/>
          </field>
        </group>
        <group name="trade_offers" title="Торговые предложения" visible="visible" active="active">
          <field id="9531" name="trade_offer" title="Торговое предложение" locked="locked" important="important">
            <type name="Ссылка на торговое предложение" data-type="offer_id"/>
          </field>
          <tip>Торговое предложение товарного наименования</tip>
        </group>
      </fieldgroups>
    </type>
    <type id="751" guid="emarket-orderstatus" title="Статус заказа" parent-id="7" domain-id="0" guide="guide" locked="locked">
      <base module="emarket" method="order_status">Статус заказа</base>
      <fieldgroups>
        <group name="order_status_props" title="Свойства статуса заказа" visible="visible" active="active">
          <field id="9114" name="codename" title="Код статуса" visible="visible" guide-id="780" required="required" important="important">
            <type name="Строка" data-type="string"/>
          </field>
          <field id="9393" name="priority" title="Приоритет">
            <type name="Число" data-type="int"/>
          </field>
        </group>
      </fieldgroups>
    </type>
    <type id="829" guid="emarket-order-credit-status" title="Статусы кредита" parent-id="7" domain-id="0" guide="guide" public="public">
      <base/>
      <fieldgroups>
        <group name="credit_status_props" title="Свойства статуса кредита" visible="visible" active="active">
          <field id="9114" name="codename" title="Код статуса" visible="visible" guide-id="780" required="required" important="important">
            <type name="Строка" data-type="string"/>
          </field>
        </group>
      </fieldgroups>
    </type>
    <type id="827" guid="emarket-payment-signing-types" title="Способы подписания оферты" parent-id="7" domain-id="0" guide="guide" public="public">
      <base/>
      <fieldgroups>
        <group name="common" title="Основные параметры" visible="visible" locked="locked" active="active">
          <field id="9075" name="codename" title="Строковой id" visible="visible" required="required" important="important">
            <type name="Строка" data-type="string"/>
          </field>
        </group>
      </fieldgroups>
    </type>
    <type id="787" guid="emarket-paymenttype" title="Типы способов оплаты" parent-id="7" domain-id="0" guide="guide" locked="locked">
      <base module="emarket" method="payment_type">Тип способа оплаты</base>
      <fieldgroups>
        <group name="payment_type_props" title="Свойства типа оплаты" visible="visible" active="active">
          <field id="9130" name="class_name" title="Идентификатор типа оплаты" visible="visible" required="required" important="important">
            <type name="Строка" data-type="string"/>
          </field>
          <field id="9131" name="payment_type_id" title="Тип данных (id)" visible="visible" important="important">
            <type name="Ссылка на объектный тип данных" data-type="link_to_object_type"/>
          </field>
          <field id="9238" name="payment_type_guid" title="Тип данных (GUID)" visible="visible" important="important">
            <type name="Строка" data-type="string"/>
          </field>
        </group>
      </fieldgroups>
    </type>
    <type id="788" guid="emarket-payment" title="Способ оплаты" parent-id="0" domain-id="0" guide="guide" locked="locked">
      <base module="emarket" method="payment">Способ оплаты</base>
      <fieldgroups>
        <group name="payment_props" title="Свойства способа оплаты" visible="visible" active="active">
          <field id="9132" name="payment_type_id" title="Тип оплаты" visible="visible" guide-id="787" required="required" important="important">
            <type name="Выпадающий список" data-type="relation"/>
          </field>
          <field id="9516" name="disabled" title="Отключено" locked="locked" important="important">
            <type name="Кнопка-флажок" data-type="boolean"/>
            <tip>Если установлено - не будет отображаться на сайте</tip>
          </field>
          <field id="9519" name="domain_id_list" title="Применимо для доменов" visible="visible" locked="locked" important="important">
            <type name="Ссылка на список доменов" data-type="domain_id_list" multiple="multiple"/>
            <tip>Если применимо для всех доменов - оставьте список пустым</tip>
          </field>
          <tip>Общие настройки способа оплаты</tip>
        </group>
      </fieldgroups>
    </type>
    <type id="753" guid="emarket-orderpaymentstatus" title="Статус оплаты" parent-id="7" domain-id="0" guide="guide" locked="locked">
      <base module="emarket" method="order_payment_status">Статус оплаты</base>
      <fieldgroups>
        <group name="order_status_props" title="Свойства статуса оплаты" visible="visible" active="active">
          <field id="9114" name="codename" title="Код статуса" visible="visible" guide-id="780" required="required" important="important">
            <type name="Строка" data-type="string"/>
          </field>
          <field id="9398" name="priority" title="Приоритет">
            <type name="Число" data-type="int"/>
          </field>
        </group>
      </fieldgroups>
    </type>
    <type id="817" guid="emarket-legalperson" title="Юридическое лицо" parent-id="7" domain-id="0" guide="guide" locked="locked">
      <base module="emarket" method="legal_person">Юридическое лицо</base>
      <fieldgroups>
        <group name="general" title="Основное" visible="visible" active="active">
          <field id="9250" name="contact_person" title="Контактное лицо" visible="visible" important="important">
            <type name="Строка" data-type="string"/>
          </field>
          <field id="9251" name="phone_number" title="Контактный телефон" visible="visible" important="important">
            <type name="Строка" data-type="string"/>
          </field>
          <field id="9252" name="fax" title="Факс" visible="visible" important="important">
            <type name="Строка" data-type="string"/>
          </field>
          <field id="9134" name="email" title="E-mail" visible="visible" required="required" important="important">
            <type name="Строка" data-type="string"/>
            <restriction id="2" name="email">E-mail</restriction>
          </field>
          <field id="9253" name="name" title="Наименование организации" visible="visible" required="required" important="important">
            <type name="Строка" data-type="string"/>
          </field>
        </group>
        <group name="addresses" title="Адреса" visible="visible" active="active">
          <field id="9254" name="legal_address" title="Юридический адрес" visible="visible" important="important">
            <type name="Строка" data-type="string"/>
          </field>
          <field id="9255" name="defacto_address" title="Фактический адрес" visible="visible" important="important">
            <type name="Строка" data-type="string"/>
          </field>
          <field id="9256" name="post_address" title="Почтовый адрес" visible="visible" important="important">
            <type name="Строка" data-type="string"/>
          </field>
        </group>
        <group name="payment" title="Информация для оплаты" visible="visible" active="active">
          <field id="9257" name="inn" title="ИНН" visible="visible" important="important">
            <type name="Строка" data-type="string"/>
          </field>
          <field id="9258" name="account" title="Расчетный счет" visible="visible" important="important">
            <type name="Строка" data-type="string"/>
          </field>
          <field id="9259" name="bank" title="Наименование банка" visible="visible">
            <type name="Строка" data-type="string"/>
          </field>
          <field id="9260" name="bank_account" title="Кор. счет банка" visible="visible">
            <type name="Строка" data-type="string"/>
          </field>
          <field id="9261" name="bik" title="БИК" visible="visible" important="important">
            <type name="Строка" data-type="string"/>
          </field>
          <field id="9262" name="ogrn" title="ОГРН" visible="visible" important="important">
            <type name="Строка" data-type="string"/>
          </field>
          <field id="9337" name="kpp" title="КПП" visible="visible" important="important">
            <type name="Строка" data-type="string"/>
          </field>
        </group>
      </fieldgroups>
    </type>
    <type id="782" guid="emarket-deliverytype" title="Типы доставки" parent-id="7" domain-id="0" guide="guide" public="public" locked="locked">
      <base module="emarket" method="delivery_type">Тип доставки</base>
      <fieldgroups>
        <group name="delivery_type_props" title="Свойства типа доставки" visible="visible" active="active">
          <field id="9122" name="class_name" title="Идентификатор типа доставки" visible="visible" required="required" important="important">
            <type name="Строка" data-type="string"/>
          </field>
          <field id="9126" name="delivery_type_id" title="Тип данных (id)" visible="visible" important="important">
            <type name="Ссылка на объектный тип данных" data-type="link_to_object_type"/>
          </field>
          <field id="9237" name="delivery_type_guid" title="Тип данных (GUID)" visible="visible" important="important">
            <type name="Строка" data-type="string"/>
          </field>
        </group>
      </fieldgroups>
    </type>
    <type id="781" guid="emarket-delivery" title="Способ доставки" parent-id="0" domain-id="0" guide="guide" locked="locked">
      <base module="emarket" method="delivery">Способ доставки</base>
      <fieldgroups>
        <group name="delivery_description_props" title="Описание способа доставки" visible="visible" active="active">
          <field id="9121" name="description" title="Описание доставки" visible="visible" important="important">
            <type name="Простой текст" data-type="text"/>
          </field>
          <field id="9125" name="delivery_type_id" title="Тип доставки" guide-id="782" required="required" important="important">
            <type name="Выпадающий список" data-type="relation"/>
          </field>
          <field id="9127" name="price" title="Стоимость доставки" visible="visible" important="important">
            <type name="Цена" data-type="price"/>
          </field>
          <field id="9511" name="tax_rate_id" title="Ставка НДС" visible="visible" locked="locked" guide-id="844" important="important">
            <type name="Выпадающий список" data-type="relation"/>
          </field>
          <field id="9516" name="disabled" title="Отключено" locked="locked" important="important">
            <type name="Кнопка-флажок" data-type="boolean"/>
            <tip>Если установлено - не будет отображаться на сайте</tip>
          </field>
          <field id="9519" name="domain_id_list" title="Применимо для доменов" visible="visible" locked="locked" important="important">
            <type name="Ссылка на список доменов" data-type="domain_id_list" multiple="multiple"/>
            <tip>Если применимо для всех доменов - оставьте список пустым</tip>
          </field>
          <field id="9542" name="payment_mode" title="Предмет расчета" visible="visible" locked="locked" guide-id="847" important="important">
            <type name="Выпадающий список" data-type="relation"/>
          </field>
          <field id="9543" name="payment_subject" title="Способ расчета" visible="visible" locked="locked" guide-id="846" important="important">
            <type name="Выпадающий список" data-type="relation"/>
          </field>
          <field id="9558" name="disabled_types_of_payment" title="Отключенные способы оплаты" visible="visible" locked="locked" guide-id="788" important="important">
            <type name="Выпадающий список с множественным выбором" data-type="relation" multiple="multiple"/>
          </field>
        </group>
      </fieldgroups>
    </type>
    <type id="752" guid="emarket-orderdeliverystatus" title="Статус доставки" parent-id="7" domain-id="0" guide="guide" locked="locked">
      <base module="emarket" method="order_delivery_status">Статус доставки</base>
      <fieldgroups>
        <group name="order_status_props" title="Свойства статуса доставки" visible="visible" active="active">
          <field id="9142" name="codename" title="Код статуса" visible="visible" required="required" important="important">
            <type name="Строка" data-type="string"/>
          </field>
          <field id="9399" name="priority" title="Приоритет">
            <type name="Число" data-type="int"/>
          </field>
        </group>
      </fieldgroups>
    </type>
    <type id="838" guid="emarket-purchase-oneclick" title="Данные из формы &quot;Заказ в 1 клик&quot;" parent-id="7" domain-id="0" guide="guide" locked="locked">
      <base/>
      <fieldgroups>
        <group name="personal" title="Персональные данные" visible="visible" locked="locked" active="active">
          <field id="9442" name="lname" title="Фамилия" visible="visible" important="important">
            <type name="Строка" data-type="string"/>
          </field>
          <field id="9443" name="fname" title="Имя" visible="visible" required="required" important="important">
            <type name="Строка" data-type="string"/>
          </field>
          <field id="9444" name="father_name" title="Отчество" visible="visible">
            <type name="Строка" data-type="string"/>
          </field>
          <field id="9445" name="email" title="E-mail" visible="visible" important="important">
            <type name="Строка" data-type="string"/>
            <restriction id="2" name="email">E-mail</restriction>
          </field>
          <field id="9446" name="phone" title="Телефон" visible="visible" required="required" important="important">
            <type name="Строка" data-type="string"/>
          </field>
        </group>
      </fieldgroups>
    </type>
    <type id="755" guid="emarket-order" title="Заказ" parent-id="0" domain-id="0" guide="guide" locked="locked">
      <base module="emarket" method="order">Заказ в магазине</base>
      <fieldgroups>
        <group name="order_props" title="Свойства заказа" visible="visible" active="active">
          <field id="9064" name="order_items" title="Наименования заказа" visible="visible" guide-id="756" important="important">
            <type name="Выпадающий список с множественным выбором" data-type="relation" multiple="multiple"/>
          </field>
          <field id="9133" name="number" title="Номер заказа" visible="visible" important="important">
            <type name="Число" data-type="int"/>
          </field>
          <field id="9344" name="social_order_id" title="Номер заказа в социальной сети" visible="visible" locked="locked">
            <type name="Число" data-type="int"/>
          </field>
          <field id="9422" name="yandex_order_id" title="Номер заказа в Яндекс.Маркет" visible="visible" locked="locked">
            <type name="Число" data-type="int"/>
          </field>
          <field id="9074" name="customer_id" title="Покупатель" visible="visible" guide-id="4" important="important">
            <type name="Выпадающий список" data-type="relation"/>
          </field>
          <field id="9065" name="domain_id" title="Домен" visible="visible">
            <type name="Ссылка на домен" data-type="domain_id"/>
          </field>
          <field id="9066" name="manager_id" title="Ответственный менеджер" visible="visible" guide-id="4" important="important">
            <type name="Выпадающий список" data-type="relation"/>
          </field>
          <field id="9067" name="status_id" title="Статус заказа" visible="visible" guide-id="751" important="important">
            <type name="Выпадающий список" data-type="relation"/>
          </field>
          <field id="9108" name="total_original_price" title="Стоимость заказа без скидки" visible="visible" important="important">
            <type name="Цена" data-type="price"/>
          </field>
          <field id="9106" name="total_price" title="Стоимость заказа" visible="visible" important="important">
            <type name="Цена" data-type="price"/>
          </field>
          <field id="9107" name="total_amount" title="Количество товаров" visible="visible" important="important">
            <type name="Число" data-type="int"/>
          </field>
          <field id="9169" name="status_change_date" title="Дата последнего изменения статуса заказа" visible="visible">
            <type name="Дата" data-type="date"/>
            <tip>Выставляется автоматически, когда происходит изменение статуса заказа</tip>
          </field>
          <field id="9177" name="order_date" title="Дата оформления заказа" visible="visible" important="important">
            <type name="Дата" data-type="date"/>
            <tip>Дата, когда заказ был оформлен покупателем</tip>
          </field>
          <field id="9469" name="order_discount_value" title="Размер скидки на заказ" visible="visible" locked="locked" important="important">
            <type name="Цена" data-type="price"/>
            <tip>Размер скидки на заказ</tip>
          </field>
          <field id="9195" name="is_reserved" title="Товары зарезервированы" system="system">
            <type name="Кнопка-флажок" data-type="boolean"/>
          </field>
          <field id="9526" name="service_info" title="Служебная информация о заказе" visible="visible">
            <type name="Простой текст" data-type="text"/>
          </field>
          <tip>Основная информация о заказе</tip>
        </group>
        <group name="order_credit_props" title="Свойства кредита" visible="visible" active="active">
          <field id="9392" name="credit-status" title="Статус кредита" visible="visible" filterable="filterable" guide-id="829">
            <type name="Выпадающий список" data-type="relation"/>
          </field>
          <field id="9383" name="contractsigningdeadline" title="Крайний срок подписания оферты" visible="visible" filterable="filterable">
            <type name="Дата" data-type="date"/>
          </field>
          <field id="9384" name="contractdeliverydeadline" title="Срок доставки оригиналов документов" visible="visible" filterable="filterable">
            <type name="Дата" data-type="date"/>
          </field>
          <field id="9385" name="banksigningappointmenttime" title="Встреча с представителем банка" visible="visible" filterable="filterable">
            <type name="Дата" data-type="date"/>
          </field>
          <field id="9386" name="isconfirmed" title="Подтверждение" visible="visible" filterable="filterable">
            <type name="Кнопка-флажок" data-type="boolean"/>
          </field>
          <field id="9387" name="signingtype" title="Способ подписания оферты" visible="visible" filterable="filterable" guide-id="827">
            <type name="Выпадающий список" data-type="relation"/>
          </field>
          <field id="9388" name="beingprocessed" title="В обработке" visible="visible" filterable="filterable" system="system">
            <type name="Кнопка-флажок" data-type="boolean"/>
          </field>
        </group>
        <group name="statistic_info" title="Статистическая информация" visible="visible" active="active">
          <field id="9359" name="http_referer" title="Адрес, с которого пришел пользователь" visible="visible">
            <type name="Простой текст" data-type="text"/>
          </field>
          <field id="9373" name="http_target" title="Адрес, на который пришел пользователь" visible="visible">
            <type name="Простой текст" data-type="text"/>
          </field>
          <field id="9410" name="source_domain" title="Источник перехода" locked="locked">
            <type name="Строка" data-type="string"/>
          </field>
          <field id="9411" name="utm_medium" title="Тип трафика" locked="locked">
            <type name="Строка" data-type="string"/>
          </field>
          <field id="9412" name="utm_term" title="Ключевые слова" locked="locked">
            <type name="Строка" data-type="string"/>
          </field>
          <field id="9413" name="utm_campaign" title="Рекламная кампания" locked="locked">
            <type name="Строка" data-type="string"/>
          </field>
          <field id="9414" name="utm_content" title="Тип рекламной кампании" locked="locked">
            <type name="Строка" data-type="string"/>
          </field>
          <field id="9415" name="order_create_date" title="Дата создания заказа" locked="locked">
            <type name="Дата" data-type="date"/>
          </field>
          <tip>Поведенческие данные о покупателе. Используются для анализа эффективности различных каналов продвижения. Получить общую статистику по всем заказам или сделать выборку можно в модуле «Интернет-магазин» —&gt; вкладка «Статистика»</tip>
        </group>
        <group name="order_payment_props" title="Свойства оплаты заказа" visible="visible" active="active">
          <field id="9129" name="payment_id" title="Способ оплаты" visible="visible" guide-id="788" important="important">
            <type name="Выпадающий список" data-type="relation"/>
          </field>
          <field id="9518" name="payment_name" title="Название способа оплаты" visible="visible" locked="locked" important="important">
            <type name="Строка" data-type="string"/>
          </field>
          <field id="9068" name="payment_status_id" title="Статус оплаты" visible="visible" guide-id="753" important="important">
            <type name="Выпадающий список" data-type="relation"/>
          </field>
          <field id="9191" name="payment_date" title="Дата оплаты" visible="visible">
            <type name="Дата" data-type="date"/>
            <tip>Дата успешной оплаты заказа</tip>
          </field>
          <field id="9192" name="payment_document_num" title="Номер платежного документа" visible="visible">
            <type name="Строка" data-type="string"/>
            <tip>Заполняется системой автоматически</tip>
          </field>
          <field id="9299" name="legal_person" title="Юридическое лицо" visible="visible" locked="locked" guide-id="817" important="important">
            <type name="Выпадающий список" data-type="relation"/>
          </field>
          <tip>Данные об оплате заказа</tip>
        </group>
        <group name="order_delivery_props" title="Свойства доставки заказа" visible="visible" active="active">
          <field id="9128" name="delivery_id" title="Способ доставки" visible="visible" guide-id="781" important="important">
            <type name="Выпадающий список" data-type="relation"/>
          </field>
          <field id="9517" name="delivery_name" title="Название способа доставки" visible="visible" locked="locked" important="important">
            <type name="Строка" data-type="string"/>
          </field>
          <field id="9069" name="delivery_status_id" title="Статус доставки" visible="visible" guide-id="752" important="important">
            <type name="Выпадающий список" data-type="relation"/>
          </field>
          <field id="9186" name="delivery_address" title="Адрес доставки" visible="visible" guide-id="803" important="important">
            <type name="Выпадающий список" data-type="relation"/>
          </field>
          <field id="9496" name="delivery_date" title="Дата доставки товара клиенту" visible="visible" locked="locked" important="important">
            <type name="Дата" data-type="date"/>
            <tip>Дата, когда товар будет доставлен клиенту или на пункт выдачи</tip>
          </field>
          <field id="9497" name="pickup_date" title="Дата доставки товара поставщику" visible="visible" locked="locked" important="important">
            <type name="Дата" data-type="date"/>
            <tip>Дата, когда товар будет доставлен на пункт приема или когда нужно его забрать со склада</tip>
          </field>
          <field id="9498" name="delivery_provider" title="Оператор доставки" visible="visible" locked="locked" important="important">
            <type name="Строка" data-type="string"/>
            <tip>Оператор доставки</tip>
          </field>
          <field id="9499" name="delivery_tariff" title="Тариф доставки" visible="visible" locked="locked" important="important">
            <type name="Строка" data-type="string"/>
            <tip>Тариф доставки</tip>
          </field>
          <field id="9500" name="delivery_type" title="Тип доставки клиенту" visible="visible" locked="locked" important="important">
            <type name="Строка" data-type="string"/>
            <tip>Тип доставки товара клиенту</tip>
          </field>
          <field id="9501" name="pickup_type" title="Тип доставки оператору доставки" visible="visible" locked="locked" important="important">
            <type name="Строка" data-type="string"/>
            <tip>Тип доставки товара поставщику</tip>
          </field>
          <field id="9197" name="delivery_price" title="Стоимость доставки" visible="visible" important="important">
            <type name="Цена" data-type="price"/>
          </field>
          <field id="9502" name="delivery_point_in" title="Пункт приема товара" visible="visible" locked="locked" important="important">
            <type name="Строка" data-type="string"/>
            <tip>Точка приема товара</tip>
          </field>
          <field id="9503" name="delivery_point_out" title="Пункт выдачи товара" visible="visible" locked="locked" important="important">
            <type name="Строка" data-type="string"/>
            <tip>Точка выдачи товара</tip>
          </field>
          <field id="9487" name="total_weight" title="Общий вес" visible="visible" locked="locked" important="important">
            <type name="Число с точкой" data-type="float"/>
            <tip>field-order-total-weight-tip</tip>
          </field>
          <field id="9488" name="total_width" title="Общая ширина" visible="visible" locked="locked">
            <type name="Число с точкой" data-type="float"/>
            <tip>field-order-book-total-width-tip</tip>
          </field>
          <field id="9489" name="total_height" title="Общая высота" visible="visible" locked="locked">
            <type name="Число с точкой" data-type="float"/>
            <tip>field-order-total-height-tip</tip>
          </field>
          <field id="9490" name="total_length" title="Общая длина" visible="visible" locked="locked">
            <type name="Число с точкой" data-type="float"/>
            <tip>field-order-total-length-tip</tip>
          </field>
          <field id="9193" name="delivery_allow_date" title="Дата разрешения доставки" visible="visible">
            <type name="Дата" data-type="date"/>
            <tip>Заполняется системой автоматически, когда возможна доставка и заказ успешно оплачен</tip>
          </field>
          <tip>Настройки доставки заказа&lt;br&gt;&lt;br&gt;&#13;
		Расчет общих характеристик заказа:&#13;
		&lt;ul&gt;&#13;
		&lt;li&gt;&lt;strong&gt;Общий вес&lt;/strong&gt; — сумма масс всех товаров в заказе.&lt;/li&gt;&#13;
		&lt;li&gt;&lt;strong&gt;Общая высота&lt;/strong&gt; — максимальная высота.&lt;/li&gt;&#13;
		&lt;li&gt;&lt;strong&gt;Общая ширина&lt;/strong&gt; — сумма ширин всех товаров.&lt;/li&gt;&#13;
		&lt;li&gt;&lt;strong&gt;Общая длина&lt;/strong&gt; — максимальная длина.&lt;/li&gt;&#13;
&lt;/ul&gt;</tip>
        </group>
        <group name="order_discount_props" title="Свойства скидки на заказ" visible="visible" active="active">
          <field id="9110" name="order_discount_id" title="Скидка на заказ" visible="visible" guide-id="765" important="important">
            <type name="Выпадающий список" data-type="relation"/>
          </field>
          <field id="9377" name="bonus" title="Потраченные бонусы" locked="locked">
            <type name="Цена" data-type="price"/>
          </field>
        </group>
        <group name="integration_date" title="Свойства для интеграции с 1С" visible="visible" active="active">
          <field id="9168" name="need_export" title="Выгружать заказ в 1С при следующем сеансе связи" visible="visible">
            <type name="Кнопка-флажок" data-type="boolean"/>
            <tip>Выставляется системой автоматически, когда заказ необходимо выгрузить в 1С</tip>
          </field>
        </group>
        <group name="purchase_one_click" title="Заказ в 1 клик" visible="visible" active="active">
          <field id="9447" name="purchaser_one_click" title="Покупатель" visible="visible" locked="locked" guide-id="838" important="important">
            <type name="Выпадающий список" data-type="relation"/>
          </field>
        </group>
      </fieldgroups>
    </type>
    <type id="4" guid="users-user" title="Пользователь" parent-id="0" domain-id="0" guide="guide" locked="locked">
      <base module="users" method="user">Пользователи</base>
      <fieldgroups>
        <group name="idetntify_data" title="Идентификационные данные" locked="locked" active="active" visible="0">
          <field id="45" name="login" title="Логин" visible="visible" locked="locked" required="required" important="important">
            <type name="Строка" data-type="string"/>
          </field>
          <field id="46" name="password" title="Пароль" visible="visible" locked="locked">
            <type name="Пароль" data-type="password"/>
          </field>
          <field id="12" name="e-mail" title="E-mail" visible="visible" locked="locked" required="required" important="important">
            <type name="Строка" data-type="string"/>
          </field>
          <field id="53" name="groups" title="Группы пользователей" locked="locked" guide-id="6" important="important">
            <type name="Выпадающий список с множественным выбором" data-type="relation" multiple="multiple"/>
          </field>
          <field id="8734" name="activate_code" title="Код активации" locked="locked" system="system">
            <type name="Строка" data-type="string"/>
          </field>
          <field id="9360" name="loginza" title="Провайдер регистрации (социальная сеть)" visible="visible" locked="locked">
            <type name="Строка" data-type="string"/>
            <tip>Адрес сервиса</tip>
          </field>
          <field id="8735" name="is_activated" title="Активирован" locked="locked" important="important">
            <type name="Кнопка-флажок" data-type="boolean"/>
          </field>
          <field id="8967" name="last_request_time" title="Время последнего обращения" locked="locked" system="system">
            <type name="Число" data-type="int"/>
          </field>
          <field id="8950" name="subscribed_pages" title="Подписки на изменения" locked="locked" system="system">
            <type name="Ссылка на дерево" data-type="symlink" multiple="multiple"/>
          </field>
          <field id="8968" name="rated_pages" title="Рейтингованные страницы" locked="locked" system="system">
            <type name="Ссылка на дерево" data-type="symlink" multiple="multiple"/>
          </field>
          <field id="8951" name="is_online" title="Пользователь on-line" locked="locked" system="system">
            <type name="Кнопка-флажок" data-type="boolean"/>
          </field>
          <field id="8969" name="messages_count" title="Количество сообщений" locked="locked" system="system">
            <type name="Число" data-type="int"/>
          </field>
          <tip>Основная информация о пользователе</tip>
        </group>
        <group name="more_info" title="Дополнительная информация" visible="visible" active="active">
          <field id="5569" name="orders_refs" title="Заказы" locked="locked" system="system">
            <type name="Выпадающий список с множественным выбором" data-type="relation" multiple="multiple"/>
          </field>
          <field id="8720" name="delivery_addresses" title="Адреса доставки" visible="visible" locked="locked" guide-id="803" system="system">
            <type name="Выпадающий список с множественным выбором" data-type="relation" multiple="multiple"/>
          </field>
          <field id="8901" name="user_dock" title="Пользовательская панель" locked="locked" system="system">
            <type name="Строка" data-type="string"/>
          </field>
          <field id="9049" name="preffered_currency" title="Предпочитаемая валюта" locked="locked" guide-id="780">
            <type name="Выпадающий список" data-type="relation"/>
          </field>
          <field id="9050" name="user_settings_data" title="Настройки пользователя" locked="locked" system="system">
            <type name="Простой текст" data-type="text"/>
          </field>
          <field id="9374" name="last_order" title="Последний заказ" locked="locked" guide-id="755" system="system">
            <type name="Составное" data-type="optioned" multiple="multiple"/>
          </field>
          <field id="9375" name="bonus" title="Зачисленные бонусы" locked="locked">
            <type name="Цена" data-type="price"/>
          </field>
          <field id="9300" name="legal_persons" title="Юридические лица" visible="visible" locked="locked" guide-id="817" important="important" system="system">
            <type name="Выпадающий список с множественным выбором" data-type="relation" multiple="multiple"/>
          </field>
          <field id="9376" name="spent_bonus" title="Потраченные бонусы" locked="locked">
            <type name="Цена" data-type="price"/>
          </field>
          <field id="9368" name="filemanager_directory" title="Доступные директории (для файлового менеджера elFinder)" locked="locked">
            <type name="Строка" data-type="string"/>
            <tip>Список доступных пользователю директорий. В качестве разделителя используется запятая - например: /image/cms, /files.</tip>
          </field>
          <field id="9379" name="appended_file_extensions" title="Дополнительные разрешенные типы файлов" locked="locked">
            <type name="Строка" data-type="string"/>
            <tip>Список дополнительных расширений файлов, которые пользователь может загружать на сервер. В качестве разделителя используется запятая - например: cdr, mid, midi.</tip>
          </field>
          <field id="9372" name="register_date" title="Дата регистрации">
            <type name="Дата" data-type="date"/>
          </field>
          <field id="9466" name="tickets_color" title="Цвет заметок">
            <type name="Цвет" data-type="color"/>
            <tip>Фоновый цвет заметок</tip>
          </field>
          <field id="9524" name="favorite_domain_list" title="Предпочитаемые домены">
            <type name="Ссылка на список доменов" data-type="domain_id_list" multiple="multiple"/>
            <tip>Если заполнено - для пользователя будут выводиться только эти домены в административной панели во вкладке "Структура сайта".</tip>
          </field>
          <tip>Дополнительные настройки пользователя</tip>
        </group>
        <group name="short_info" title="Персональная информация" visible="visible" active="active">
          <field id="11" name="lname" title="Фамилия" visible="visible" locked="locked" important="important">
            <type name="Строка" data-type="string"/>
          </field>
          <field id="9" name="fname" title="Имя" visible="visible" locked="locked" required="required" important="important">
            <type name="Строка" data-type="string"/>
            <tip>Это поле содержит Имя пользователя. Оно отображается в характеристиках пользователя и может быть изменено самим пользователем.</tip>
          </field>
          <field id="10" name="father_name" title="Отчество" visible="visible" locked="locked">
            <type name="Строка" data-type="string"/>
          </field>
          <field id="9504" name="phone" title="Телефон" visible="visible" locked="locked" important="important">
            <type name="Строка" data-type="string"/>
          </field>
          <tip>Личные данные пользователя</tip>
        </group>
        <group name="delivery" title="Доставка" visible="visible" active="active"/>
        <group name="statistic_info" title="Статистическая информация" visible="visible" active="active">
          <field id="9370" name="referer" title="Адрес, с которого пришел пользователь">
            <type name="Простой текст" data-type="text"/>
          </field>
          <field id="9371" name="target" title="Адрес, на который пришел пользователь">
            <type name="Простой текст" data-type="text"/>
          </field>
          <tip>Статистические данные о поведении пользователя на сайте</tip>
        </group>
      </fieldgroups>
    </type>
    <type id="746" guid="blogs20-blog" title="Блог" parent-id="{root-pages-type}" domain-id="0" guide="guide" locked="locked">
      <base module="blogs20" method="blog">Блог</base>
      <fieldgroups>
        <group name="common" title="Основные параметры" locked="locked" active="active" visible="0">
          <field id="22" name="title" title="Поле title" visible="visible" inheritable="inheritable" locked="locked" indexable="indexable">
            <type name="Строка" data-type="string"/>
          </field>
          <field id="23" name="h1" title="Поле h1" visible="visible" inheritable="inheritable" locked="locked" indexable="indexable" important="important">
            <type name="Строка" data-type="string"/>
          </field>
          <field id="9035" name="description" title="Описание" visible="visible" locked="locked" filterable="filterable" important="important">
            <type name="Строка" data-type="string"/>
          </field>
          <field id="25" name="meta_descriptions" title="Поле meta description" visible="visible" inheritable="inheritable" locked="locked" indexable="indexable">
            <type name="Строка" data-type="string"/>
          </field>
          <field id="24" name="meta_keywords" title="Поле meta keywords" visible="visible" inheritable="inheritable" locked="locked" indexable="indexable">
            <type name="Строка" data-type="string"/>
          </field>
          <field id="8837" name="tags" title="Теги" visible="visible" locked="locked">
            <type name="Теги" data-type="tags" multiple="multiple"/>
          </field>
          <field id="9036" name="friendlist" title="Список друзей" visible="visible" locked="locked" filterable="filterable" guide-id="4">
            <type name="Выпадающий список с множественным выбором" data-type="relation" multiple="multiple"/>
          </field>
          <tip>Основные настройки блога</tip>
        </group>
        <group name="menu_view" title="Отображение в меню" locked="locked" active="active" visible="0">
          <field id="27" name="menu_pic_ua" title="Изображение неактивного раздела" visible="visible" locked="locked">
            <type name="Изображение" data-type="img_file"/>
          </field>
          <field id="28" name="menu_pic_a" title="Изображение активного раздела" visible="visible" locked="locked">
            <type name="Изображение" data-type="img_file"/>
          </field>
          <field id="29" name="header_pic" title="Изображение для заголовка" visible="visible" locked="locked">
            <type name="Изображение" data-type="img_file"/>
          </field>
        </group>
        <group name="more_params" title="Дополнительные параметры" locked="locked" active="active" visible="0">
          <field id="30" name="robots_deny" title="Запретить индексацию поисковиками" visible="visible" inheritable="inheritable" locked="locked">
            <type name="Кнопка-флажок" data-type="boolean"/>
          </field>
          <field id="31" name="show_submenu" title="Показывать подменю" visible="visible" inheritable="inheritable" locked="locked">
            <type name="Кнопка-флажок" data-type="boolean"/>
          </field>
          <field id="32" name="is_expanded" title="Меню всегда развернуто" visible="visible" inheritable="inheritable" locked="locked">
            <type name="Кнопка-флажок" data-type="boolean"/>
          </field>
          <field id="33" name="is_unindexed" title="Исключить из поиска" visible="visible" inheritable="inheritable" locked="locked">
            <type name="Кнопка-флажок" data-type="boolean"/>
          </field>
          <tip>Настройки отображения страницы и её поисковой индексации</tip>
        </group>
        <group name="rate_props" title="Свойства рейтинга" locked="locked" active="active" visible="0">
          <field id="8903" name="rate_voters" title="Количество проголосовавших" locked="locked" system="system">
            <type name="Число" data-type="int"/>
          </field>
          <field id="8904" name="rate_sum" title="Сумма баллов" locked="locked" system="system">
            <type name="Число" data-type="int"/>
          </field>
        </group>
      </fieldgroups>
    </type>
    <type id="688" guid="users-author" title="Автор" parent-id="0" domain-id="0" guide="guide" locked="locked">
      <base module="users" method="author">Автор</base>
      <fieldgroups>
        <group name="props" title="Свойства" visible="visible" locked="locked" active="active">
          <field id="8866" name="is_registrated" title="Зарегистрирован" visible="visible" locked="locked">
            <type name="Кнопка-флажок" data-type="boolean"/>
          </field>
          <field id="8867" name="user_id" title="Владелец" visible="visible" locked="locked" guide-id="4">
            <type name="Выпадающий список" data-type="relation"/>
          </field>
          <field id="8868" name="nickname" title="Ник" visible="visible" locked="locked" important="important">
            <type name="Строка" data-type="string"/>
          </field>
          <field id="8869" name="email" title="E-mail" visible="visible" locked="locked" important="important">
            <type name="Строка" data-type="string"/>
          </field>
          <field id="8870" name="ip" title="ip" visible="visible" locked="locked">
            <type name="Строка" data-type="string"/>
          </field>
          <tip>Основная информация об авторе</tip>
        </group>
      </fieldgroups>
    </type>
    <type id="747" guid="blogs20-comment" title="Комментарий блога" parent-id="{root-pages-type}" domain-id="0" guide="guide" locked="locked">
      <base module="blogs20" method="comment">Комментарий блога</base>
      <fieldgroups>
        <group name="common" title="Основные параметры" locked="locked" active="active" visible="0">
          <field id="26" name="content" title="Контент" visible="visible" locked="locked" indexable="indexable" important="important">
            <type name="HTML-текст" data-type="wysiwyg"/>
          </field>
          <field id="9037" name="author_id" title="Автор" locked="locked" filterable="filterable" guide-id="688">
            <type name="Выпадающий список" data-type="relation"/>
            <tip>Идентификатор автора комментария</tip>
          </field>
          <field id="9038" name="publish_time" title="Дата публикации" visible="visible" locked="locked" filterable="filterable" important="important">
            <type name="Дата" data-type="date"/>
          </field>
          <tip>Основные свойства комментария к блогу</tip>
        </group>
        <group name="rate_props" title="Свойства рейтинга" locked="locked" active="active" visible="0">
          <field id="8903" name="rate_voters" title="Количество проголосовавших" locked="locked" system="system">
            <type name="Число" data-type="int"/>
          </field>
          <field id="8904" name="rate_sum" title="Сумма баллов" locked="locked" system="system">
            <type name="Число" data-type="int"/>
          </field>
        </group>
        <group name="antispam" title="Антиспам" visible="visible" active="active">
          <field id="9207" name="is_spam" title="Спам" visible="visible" important="important">
            <type name="Кнопка-флажок" data-type="boolean"/>
          </field>
          <tip>Пометка «Спам» скрывает нежелательные комментарии из блога</tip>
        </group>
      </fieldgroups>
    </type>
    <type id="748" guid="blogs20-post" title="Пост блога" parent-id="{root-pages-type}" domain-id="0" guide="guide" locked="locked">
      <base module="blogs20" method="post">Пост блога</base>
      <fieldgroups>
        <group name="common" title="Основные параметры" locked="locked" active="active" visible="0">
          <field id="22" name="title" title="Поле title" visible="visible" inheritable="inheritable" locked="locked" indexable="indexable">
            <type name="Строка" data-type="string"/>
          </field>
          <field id="23" name="h1" title="Поле h1" visible="visible" inheritable="inheritable" locked="locked" indexable="indexable" important="important">
            <type name="Строка" data-type="string"/>
          </field>
          <field id="26" name="content" title="Контент" visible="visible" locked="locked" indexable="indexable" important="important">
            <type name="HTML-текст" data-type="wysiwyg"/>
          </field>
          <field id="25" name="meta_descriptions" title="Поле meta description" visible="visible" inheritable="inheritable" locked="locked" indexable="indexable">
            <type name="Строка" data-type="string"/>
          </field>
          <field id="24" name="meta_keywords" title="Поле meta keywords" visible="visible" inheritable="inheritable" locked="locked" indexable="indexable">
            <type name="Строка" data-type="string"/>
          </field>
          <field id="8837" name="tags" title="Теги" visible="visible" locked="locked">
            <type name="Теги" data-type="tags" multiple="multiple"/>
          </field>
          <field id="9039" name="publish_time" title="Дата публикации" visible="visible" locked="locked" filterable="filterable" important="important">
            <type name="Дата" data-type="date"/>
          </field>
          <tip>Основные настройки поста блога</tip>
        </group>
        <group name="menu_view" title="Отображение в меню" locked="locked" active="active" visible="0">
          <field id="27" name="menu_pic_ua" title="Изображение неактивного раздела" visible="visible" locked="locked">
            <type name="Изображение" data-type="img_file"/>
          </field>
          <field id="28" name="menu_pic_a" title="Изображение активного раздела" visible="visible" locked="locked">
            <type name="Изображение" data-type="img_file"/>
          </field>
          <field id="29" name="header_pic" title="Изображение для заголовка" visible="visible" locked="locked">
            <type name="Изображение" data-type="img_file"/>
          </field>
        </group>
        <group name="more_params" title="Дополнительные параметры" locked="locked" active="active" visible="0">
          <field id="30" name="robots_deny" title="Запретить индексацию поисковиками" visible="visible" inheritable="inheritable" locked="locked">
            <type name="Кнопка-флажок" data-type="boolean"/>
          </field>
          <field id="31" name="show_submenu" title="Показывать подменю" visible="visible" inheritable="inheritable" locked="locked">
            <type name="Кнопка-флажок" data-type="boolean"/>
          </field>
          <field id="32" name="is_expanded" title="Меню всегда развернуто" visible="visible" inheritable="inheritable" locked="locked">
            <type name="Кнопка-флажок" data-type="boolean"/>
          </field>
          <field id="33" name="is_unindexed" title="Исключить из поиска" visible="visible" inheritable="inheritable" locked="locked">
            <type name="Кнопка-флажок" data-type="boolean"/>
          </field>
          <tip>Настройки отображения страницы и её поисковой индексации</tip>
        </group>
        <group name="rate_props" title="Свойства рейтинга" locked="locked" active="active" visible="0">
          <field id="8903" name="rate_voters" title="Количество проголосовавших" locked="locked" system="system">
            <type name="Число" data-type="int"/>
          </field>
          <field id="8904" name="rate_sum" title="Сумма баллов" locked="locked" system="system">
            <type name="Число" data-type="int"/>
          </field>
        </group>
        <group name="svojstva_publikacii" title="Актуальность публикации" visible="visible" locked="locked" active="0">
          <field id="9024" name="expiration_date" title="Дата снятия с публикации" visible="visible" locked="locked">
            <type name="Дата" data-type="date"/>
          </field>
          <field id="9025" name="notification_date" title="Дата уведомления" visible="visible" locked="locked">
            <type name="Дата" data-type="date"/>
          </field>
          <field id="9026" name="publish_comments" title="Комментарий к публикации" visible="visible" locked="locked">
            <type name="Простой текст" data-type="text"/>
          </field>
          <field id="9029" name="publish_status" title="Статус публикации" visible="visible" locked="locked" guide-id="745">
            <type name="Выпадающий список" data-type="relation"/>
          </field>
          <tip>Управление статусом публикации</tip>
        </group>
        <group name="locks" title="Блокировка" visible="visible" locked="locked" active="active">
          <field id="9030" name="locktime" title="Время блокировки" visible="visible" locked="locked" system="system">
            <type name="Дата" data-type="date"/>
          </field>
          <field id="9031" name="lockuser" title="Блокирующий пользователь" visible="visible" locked="locked" system="system">
            <type name="Число" data-type="int"/>
          </field>
        </group>
        <group name="privacy" title="Настройки отображения" visible="visible" active="active">
          <field id="9040" name="only_for_friends" title="Видимо только друзьям" visible="visible" locked="locked" filterable="filterable">
            <type name="Кнопка-флажок" data-type="boolean"/>
          </field>
          <tip>Настройки видимости поста для авторов и пользователей</tip>
        </group>
        <group name="antispam" title="Антиспам" visible="visible" active="active">
          <field id="9207" name="is_spam" title="Спам" visible="visible" important="important">
            <type name="Кнопка-флажок" data-type="boolean"/>
          </field>
          <tip>Пометка «Спам» скрывает нежелательные посты из блога</tip>
        </group>
      </fieldgroups>
    </type>
  </types>
  <objects/>
  <pages/>
  <entities/>
  <relations>
    <relation type-id="{root-pages-type}" field-name="publish_status">
      <guide id="745"/>
    </relation>
    <relation type-id="803" field-name="country">
      <guide id="693"/>
    </relation>
    <relation type-id="765" field-name="discount_type_id">
      <guide id="762"/>
    </relation>
    <relation type-id="765" field-name="discount_modificator_id">
      <guide id="792"/>
    </relation>
    <relation type-id="765" field-name="discount_rules_id">
      <guide id="793"/>
    </relation>
    <relation type-id="756" field-name="item_type_id">
      <guide id="779"/>
    </relation>
    <relation type-id="756" field-name="item_discount_id">
      <guide id="765"/>
    </relation>
    <relation type-id="756" field-name="tax_rate_id">
      <guide id="844"/>
    </relation>
    <relation type-id="756" field-name="payment_mode">
      <guide id="847"/>
    </relation>
    <relation type-id="756" field-name="payment_subject">
      <guide id="846"/>
    </relation>
    <relation type-id="756" field-name="options">
      <guide id="757"/>
    </relation>
    <relation type-id="751" field-name="codename">
      <guide id="780"/>
    </relation>
    <relation type-id="829" field-name="codename">
      <guide id="780"/>
    </relation>
    <relation type-id="788" field-name="payment_type_id">
      <guide id="787"/>
    </relation>
    <relation type-id="753" field-name="codename">
      <guide id="780"/>
    </relation>
    <relation type-id="781" field-name="delivery_type_id">
      <guide id="782"/>
    </relation>
    <relation type-id="781" field-name="tax_rate_id">
      <guide id="844"/>
    </relation>
    <relation type-id="781" field-name="payment_mode">
      <guide id="847"/>
    </relation>
    <relation type-id="781" field-name="payment_subject">
      <guide id="846"/>
    </relation>
    <relation type-id="781" field-name="disabled_types_of_payment">
      <guide id="788"/>
    </relation>
    <relation type-id="755" field-name="order_items">
      <guide id="756"/>
    </relation>
    <relation type-id="755" field-name="customer_id">
      <guide id="4"/>
    </relation>
    <relation type-id="755" field-name="manager_id">
      <guide id="4"/>
    </relation>
    <relation type-id="755" field-name="status_id">
      <guide id="751"/>
    </relation>
    <relation type-id="755" field-name="credit-status">
      <guide id="829"/>
    </relation>
    <relation type-id="755" field-name="signingtype">
      <guide id="827"/>
    </relation>
    <relation type-id="755" field-name="payment_id">
      <guide id="788"/>
    </relation>
    <relation type-id="755" field-name="payment_status_id">
      <guide id="753"/>
    </relation>
    <relation type-id="755" field-name="legal_person">
      <guide id="817"/>
    </relation>
    <relation type-id="755" field-name="delivery_id">
      <guide id="781"/>
    </relation>
    <relation type-id="755" field-name="delivery_status_id">
      <guide id="752"/>
    </relation>
    <relation type-id="755" field-name="delivery_address">
      <guide id="803"/>
    </relation>
    <relation type-id="755" field-name="order_discount_id">
      <guide id="765"/>
    </relation>
    <relation type-id="755" field-name="purchaser_one_click">
      <guide id="838"/>
    </relation>
    <relation type-id="4" field-name="groups">
      <guide id="6"/>
    </relation>
    <relation type-id="4" field-name="delivery_addresses">
      <guide id="803"/>
    </relation>
    <relation type-id="4" field-name="preffered_currency">
      <guide id="780"/>
    </relation>
    <relation type-id="4" field-name="last_order">
      <guide id="755"/>
    </relation>
    <relation type-id="4" field-name="legal_persons">
      <guide id="817"/>
    </relation>
    <relation type-id="746" field-name="friendlist">
      <guide id="4"/>
    </relation>
    <relation type-id="688" field-name="user_id">
      <guide id="4"/>
    </relation>
    <relation type-id="747" field-name="author_id">
      <guide id="688"/>
    </relation>
    <relation type-id="748" field-name="publish_status">
      <guide id="745"/>
    </relation>
  </relations>
  <options/>
  <restrictions>
    <restriction id="2" prefix="email" title="E-mail" field-type="string" is-multiple="">
      <field field-name="email" type-id="817"/>
      <field field-name="email" type-id="838"/>
    </restriction>
  </restrictions>
  <permissions/>
  <hierarchy/>
</umidump>
