<?xml version="1.0" encoding="utf-8"?>
<umidump xmlns:xlink="http://www.w3.org/TR/xlink" version="2.0">
  <meta>
    <site-name><![CDATA[umicms.demo site]]></site-name>
    <domain><![CDATA[updateserver.umihost.ru]]></domain>
    <lang><![CDATA[ru]]></lang>
    <source-name><![CDATA[system]]></source-name>
    <generate-time>
      <timestamp>1565357564</timestamp>
      <rfc>Fri, 09 Aug 2019 16:32:44 +0300</rfc>
      <utc>2019-08-09T16:32:44+03:00</utc>
    </generate-time>
  </meta>
  <registry>
    <key path="modules" val=""/>
    <key path="modules/umiNotifications" val="umiNotifications"/>
    <key path="modules/umiNotifications/default_method" val="empty" update="1"/>
    <key path="modules/umiNotifications/default_method_admin" val="notifications" update="1"/>
    <key path="modules/umiNotifications/config" val="0" update="1"/>
  </registry>
  <directories>
    <directory path="./classes/modules/umiNotifications" name="umiNotifications">/classes/modules/umiNotifications</directory>
    <directory path="./classes/components/umiNotifications" name="umiNotifications">/classes/components/umiNotifications</directory>
    <directory path="./styles/skins/modern/data/modules/umiNotifications" name="umiNotifications">/styles/skins/modern/data/modules/umiNotifications</directory>
    <directory path="./styles/skins/modern/data/modules/umiNotifications/js" name="js">/styles/skins/modern/data/modules/umiNotifications/js</directory>
  </directories>
  <files>
    <file path="./classes/modules/umiNotifications/i18n.en.php" size="219" ext="php" hash="9ded39d956fe9f2cb69b73a21f0a035a" name="i18n.en.php" only_install="true">/classes/modules/umiNotifications/i18n.en.php</file>
    <file path="./classes/modules/umiNotifications/class.php" size="1006" ext="php" hash="9f6f5657cca3bc09ebfb8c6923324825" name="class.php">/classes/modules/umiNotifications/class.php</file>
    <file path="./classes/modules/umiNotifications/i18n.php" size="242" ext="php" hash="0b14d08eeb7213df995d5814fd06dd0c" name="i18n.php">/classes/modules/umiNotifications/i18n.php</file>
    <file path="./classes/components/umiNotifications/macros.php" size="205" ext="php" hash="5c3cbcc538b6f08fe4e646bca64bbbcf" name="macros.php">/classes/components/umiNotifications/macros.php</file>
    <file path="./classes/components/umiNotifications/permissions.php" size="232" ext="php" hash="07671274261f0d97a794a1f7e689c498" name="permissions.php">/classes/components/umiNotifications/permissions.php</file>
    <file path="./classes/components/umiNotifications/customMacros.php" size="175" ext="php" hash="f363134b9e5056f9104a4d367de1f291" name="customMacros.php" only_install="true">/classes/components/umiNotifications/customMacros.php</file>
    <file path="./classes/components/umiNotifications/lang.php" size="162" ext="php" hash="bc2fc1f359f4dfd4464e0af32b72bcb8" name="lang.php">/classes/components/umiNotifications/lang.php</file>
    <file path="./classes/components/umiNotifications/customAdmin.php" size="219" ext="php" hash="9d15893a14a1a1cd8103a878b554eca7" name="customAdmin.php" only_install="true">/classes/components/umiNotifications/customAdmin.php</file>
    <file path="./classes/components/umiNotifications/handlers.php" size="70" ext="php" hash="2cccc3844ba891a3863b55953d32cfd7" name="handlers.php">/classes/components/umiNotifications/handlers.php</file>
    <file path="./classes/components/umiNotifications/admin.php" size="23884" ext="php" hash="6ae023588cfe2b2782a8627093e94514" name="admin.php">/classes/components/umiNotifications/admin.php</file>
    <file path="./classes/components/umiNotifications/install.php" size="1480" ext="php" hash="ce9d9ab9c35de2ea84b7d11260a366de" name="install.php">/classes/components/umiNotifications/install.php</file>
    <file path="./classes/components/umiNotifications/includes.php" size="70" ext="php" hash="2cccc3844ba891a3863b55953d32cfd7" name="includes.php">/classes/components/umiNotifications/includes.php</file>
    <file path="./classes/components/umiNotifications/i18n.en.php" size="2219" ext="php" hash="287ef646f00e59ebbd1d8597e39f3ec8" name="i18n.en.php" only_install="true">/classes/components/umiNotifications/i18n.en.php</file>
    <file path="./classes/components/umiNotifications/class.php" size="1949" ext="php" hash="a9620e4c74b980a8d44072e240d1c266" name="class.php">/classes/components/umiNotifications/class.php</file>
    <file path="./classes/components/umiNotifications/i18n.php" size="2919" ext="php" hash="033d6e3b89d2eb17faaedfe42789f8d6" name="i18n.php">/classes/components/umiNotifications/i18n.php</file>
    <file path="./classes/components/umiNotifications/lang.en.php" size="145" ext="php" hash="37ac02b65be3caca17f68d585b99e9bd" name="lang.en.php">/classes/components/umiNotifications/lang.en.php</file>
    <file path="./styles/skins/modern/data/modules/umiNotifications/list.view.xsl" size="1687" ext="xsl" hash="c1d4243be84799cc3cb4bf69329cb379" name="list.view.xsl">/styles/skins/modern/data/modules/umiNotifications/list.view.xsl</file>
    <file path="./styles/skins/modern/data/modules/umiNotifications/form.modify.xsl" size="3290" ext="xsl" hash="76bef151166b021d6a42469244a20ecc" name="form.modify.xsl">/styles/skins/modern/data/modules/umiNotifications/form.modify.xsl</file>
    <file path="./styles/skins/modern/data/modules/umiNotifications/js/mail-template.js" size="20488" ext="js" hash="f8a2744345f024be7bcd9f80a14b0e87" name="mail-template.js">/styles/skins/modern/data/modules/umiNotifications/js/mail-template.js</file>
    <file path="./styles/skins/modern/data/modules/umiNotifications/settings.modify.xsl" size="672" ext="xsl" hash="cf9ab5b6bc3970a547d389a6df141f24" name="settings.modify.xsl">/styles/skins/modern/data/modules/umiNotifications/settings.modify.xsl</file>
  </files>
  <langs/>
  <domains/>
  <templates/>
  <datatypes/>
  <types/>
  <objects/>
  <pages/>
  <entities/>
  <relations/>
  <options/>
  <restrictions/>
  <permissions/>
  <hierarchy/>
</umidump>
