<?xml version="1.0" encoding="utf-8"?>
<umidump xmlns:xlink="http://www.w3.org/TR/xlink" version="2.0">
  <meta>
    <site-name><![CDATA[umicms.demo site]]></site-name>
    <domain><![CDATA[updateserver.umihost.ru]]></domain>
    <lang><![CDATA[ru]]></lang>
    <source-name><![CDATA[system]]></source-name>
    <generate-time>
      <timestamp>1565357562</timestamp>
      <rfc>Fri, 09 Aug 2019 16:32:42 +0300</rfc>
      <utc>2019-08-09T16:32:42+03:00</utc>
    </generate-time>
  </meta>
  <registry>
    <key path="modules" val=""/>
    <key path="modules/stat" val="stat"/>
    <key path="modules/stat/name" val="stat"/>
    <key path="modules/stat/filename" val="modules/stat/class.php"/>
    <key path="modules/stat/config" val="1" update="1"/>
    <key path="modules/stat/default_method" val="sess_refresh" update="1"/>
    <key path="modules/stat/default_method_admin" val="yandexMetric" update="1"/>
    <key path="modules/stat/collect" val="0"/>
    <key path="modules/stat/delete_after" val="30"/>
    <key path="modules/stat/items_per_page" val="100"/>
  </registry>
  <directories>
    <directory path="./classes/modules/stat" name="stat">/classes/modules/stat</directory>
    <directory path="./classes/modules/stat/classes" name="classes">/classes/modules/stat/classes</directory>
    <directory path="./classes/modules/stat/classes/exceptions" name="exceptions">/classes/modules/stat/classes/exceptions</directory>
    <directory path="./classes/modules/stat/classes/xml" name="xml">/classes/modules/stat/classes/xml</directory>
    <directory path="./classes/components/stat" name="stat">/classes/components/stat</directory>
    <directory path="./classes/components/stat/classes" name="classes">/classes/components/stat/classes</directory>
    <directory path="./classes/components/stat/classes/reports" name="reports">/classes/components/stat/classes/reports</directory>
    <directory path="./classes/components/stat/classes/Yandex" name="Yandex">/classes/components/stat/classes/Yandex</directory>
    <directory path="./classes/components/stat/classes/Yandex/Metric" name="Metric">/classes/components/stat/classes/Yandex/Metric</directory>
    <directory path="./classes/components/stat/classes/Yandex/ModuleApi" name="ModuleApi">/classes/components/stat/classes/Yandex/ModuleApi</directory>
    <directory path="./classes/components/stat/classes/decorators" name="decorators">/classes/components/stat/classes/decorators</directory>
    <directory path="./styles/skins/mac/data/modules/stat" name="stat">/styles/skins/mac/data/modules/stat</directory>
    <directory path="./styles/skins/modern/data/modules/stat" name="stat">/styles/skins/modern/data/modules/stat</directory>
  </directories>
  <files>
    <file path="./classes/modules/stat/__openstat.php" size="25561" ext="php" hash="778e1ed49d9537bfb7a1e5c0610264ef" name="__openstat.php">/classes/modules/stat/__openstat.php</file>
    <file path="./classes/modules/stat/__json.php" size="1348" ext="php" hash="58786a01ee307a4c659cc1c5c984e78b" name="__json.php">/classes/modules/stat/__json.php</file>
    <file path="./classes/modules/stat/__paths.php" size="14293" ext="php" hash="9c95c1b6105b4d42596a8d02fc55dc0d" name="__paths.php">/classes/modules/stat/__paths.php</file>
    <file path="./classes/modules/stat/__custom.php" size="84" ext="php" hash="d922720704294744ab8c92c10d60f889" name="__custom.php" only_install="true">/classes/modules/stat/__custom.php</file>
    <file path="./classes/modules/stat/__sources.php" size="8818" ext="php" hash="7bdda17199a67225697ac10e951f9796" name="__sources.php">/classes/modules/stat/__sources.php</file>
    <file path="./classes/modules/stat/permissions.php" size="700" ext="php" hash="5c7dc4f57b12873a4de7af5e307f2dd2" name="permissions.php">/classes/modules/stat/permissions.php</file>
    <file path="./classes/modules/stat/lang.php" size="3126" ext="php" hash="747efac6e4951778a1831d2881b351fd" name="lang.php">/classes/modules/stat/lang.php</file>
    <file path="./classes/modules/stat/__custom_adm.php" size="106" ext="php" hash="f2c023aaf09da0f9d3163e8d9f5f9bfc" name="__custom_adm.php" only_install="true">/classes/modules/stat/__custom_adm.php</file>
    <file path="./classes/modules/stat/__phrases.php" size="6070" ext="php" hash="a3c87961b48309981327cd8b7620aaab" name="__phrases.php">/classes/modules/stat/__phrases.php</file>
    <file path="./classes/modules/stat/__countries.php" size="8189" ext="php" hash="4d20168debddcc49572857b77af7ff63" name="__countries.php">/classes/modules/stat/__countries.php</file>
    <file path="./classes/modules/stat/__popular.php" size="5089" ext="php" hash="f8c0ca50b65de5869c6ce4ea3911a083" name="__popular.php">/classes/modules/stat/__popular.php</file>
    <file path="./classes/modules/stat/__yandex.php" size="22945" ext="php" hash="55ea4187a4794f412c4e368f6326021a" name="__yandex.php">/classes/modules/stat/__yandex.php</file>
    <file path="./classes/modules/stat/__visits.php" size="9447" ext="php" hash="df17d59aeb904e1a56e7294718ce6795" name="__visits.php">/classes/modules/stat/__visits.php</file>
    <file path="./classes/modules/stat/__admin.php" size="19977" ext="php" hash="6f58e183e329c95702d11b6713f0e1a0" name="__admin.php">/classes/modules/stat/__admin.php</file>
    <file path="./classes/modules/stat/classes/visitTime.php" size="3464" ext="php" hash="1645ba82336dabb903a951d476f32973" name="visitTime.php">/classes/modules/stat/classes/visitTime.php</file>
    <file path="./classes/modules/stat/classes/pageNext.php" size="1660" ext="php" hash="5cb1a40700eb9b7ce398aa7d550b7c5b" name="pageNext.php">/classes/modules/stat/classes/pageNext.php</file>
    <file path="./classes/modules/stat/classes/holidayRoutineCounter.php" size="2125" ext="php" hash="d61571751825f8898f8625d31e1896b7" name="holidayRoutineCounter.php">/classes/modules/stat/classes/holidayRoutineCounter.php</file>
    <file path="./classes/modules/stat/classes/allTags.php" size="2780" ext="php" hash="d74b8ed81e05350dd36986139641777c" name="allTags.php">/classes/modules/stat/classes/allTags.php</file>
    <file path="./classes/modules/stat/classes/tag.php" size="1585" ext="php" hash="d0e67751c330301712baa521d29f1b3e" name="tag.php">/classes/modules/stat/classes/tag.php</file>
    <file path="./classes/modules/stat/classes/visitCommonHours.php" size="5244" ext="php" hash="87da74bfcda76f759b3f69a58fecde4e" name="visitCommonHours.php">/classes/modules/stat/classes/visitCommonHours.php</file>
    <file path="./classes/modules/stat/classes/openstatServices.php" size="2769" ext="php" hash="55f54b58a921ce948bc3acac0afbae3a" name="openstatServices.php">/classes/modules/stat/classes/openstatServices.php</file>
    <file path="./classes/modules/stat/classes/__charssequences.ru.php" size="529488" ext="php" hash="6d819f36f998a3edeb59f41b55fb9a4b" name="__charssequences.ru.php">/classes/modules/stat/classes/__charssequences.ru.php</file>
    <file path="./classes/modules/stat/classes/pagesHits.php" size="2158" ext="php" hash="7141f9c013c94facc4b0ba47f33228df" name="pagesHits.php">/classes/modules/stat/classes/pagesHits.php</file>
    <file path="./classes/modules/stat/classes/openstatSources.php" size="1893" ext="php" hash="066e2fb9b9c5380caad046b3875eba3a" name="openstatSources.php">/classes/modules/stat/classes/openstatSources.php</file>
    <file path="./classes/modules/stat/classes/fastUserTags.php" size="1234" ext="php" hash="0a67d425b6584234acb34ac3ec15a0dc" name="fastUserTags.php">/classes/modules/stat/classes/fastUserTags.php</file>
    <file path="./classes/modules/stat/classes/auditoryActivity.php" size="3800" ext="php" hash="8ace8aa0e3dd628f98a85ba6546bb118" name="auditoryActivity.php">/classes/modules/stat/classes/auditoryActivity.php</file>
    <file path="./classes/modules/stat/classes/sourcesSEOKeywordsConcrete.php" size="2215" ext="php" hash="3911cf18724b6dbd1637404bdf94c12b" name="sourcesSEOKeywordsConcrete.php">/classes/modules/stat/classes/sourcesSEOKeywordsConcrete.php</file>
    <file path="./classes/modules/stat/classes/userStat.php" size="18213" ext="php" hash="e68b4132c42deb4531ab68a908883be1" name="userStat.php">/classes/modules/stat/classes/userStat.php</file>
    <file path="./classes/modules/stat/classes/exceptions/baseException.php" size="3037" ext="php" hash="0965060a3efccb803f0c81a0457d6802" name="baseException.php">/classes/modules/stat/classes/exceptions/baseException.php</file>
    <file path="./classes/modules/stat/classes/exceptions/invalidParameterException.php" size="303" ext="php" hash="4d9ddfb4582ef9363b668d0d0ca1a856" name="invalidParameterException.php">/classes/modules/stat/classes/exceptions/invalidParameterException.php</file>
    <file path="./classes/modules/stat/classes/sourcesDomains.php" size="1958" ext="php" hash="f148e39ce1a25c181414ac807085e247" name="sourcesDomains.php">/classes/modules/stat/classes/sourcesDomains.php</file>
    <file path="./classes/modules/stat/classes/sourcesSEOKeywords.php" size="1830" ext="php" hash="53957244ccbeed2a58406f21185c4022" name="sourcesSEOKeywords.php">/classes/modules/stat/classes/sourcesSEOKeywords.php</file>
    <file path="./classes/modules/stat/classes/refererByEntry.php" size="1554" ext="php" hash="4add9c0989507454811e48317921127f" name="refererByEntry.php">/classes/modules/stat/classes/refererByEntry.php</file>
    <file path="./classes/modules/stat/classes/visitersCommonHours.php" size="5022" ext="php" hash="5ad5e851e3d0101cd46a3e46e28efecd" name="visitersCommonHours.php">/classes/modules/stat/classes/visitersCommonHours.php</file>
    <file path="./classes/modules/stat/classes/sourcesTop.php" size="4570" ext="php" hash="07f6c16905890e0cc969b9a3dc4c3714" name="sourcesTop.php">/classes/modules/stat/classes/sourcesTop.php</file>
    <file path="./classes/modules/stat/classes/auditoryVolumeGrowth.php" size="2182" ext="php" hash="e4ebc38e1bdfafbc61916da8cfef6360" name="auditoryVolumeGrowth.php">/classes/modules/stat/classes/auditoryVolumeGrowth.php</file>
    <file path="./classes/modules/stat/classes/openstatAds.php" size="2849" ext="php" hash="fdd3bd0a599915d86a0dec22c82a8dd5" name="openstatAds.php">/classes/modules/stat/classes/openstatAds.php</file>
    <file path="./classes/modules/stat/classes/statisticFactory.php" size="1258" ext="php" hash="9d7a784aabd19bdef036ae4231d5d62c" name="statisticFactory.php">/classes/modules/stat/classes/statisticFactory.php</file>
    <file path="./classes/modules/stat/classes/entryByReferer.php" size="1415" ext="php" hash="43f46d18cb10e56f8969bdd82d3747fa" name="entryByReferer.php">/classes/modules/stat/classes/entryByReferer.php</file>
    <file path="./classes/modules/stat/classes/statistic.php" size="36221" ext="php" hash="013000a2e410d85835d68411aef0d6ab" name="statistic.php">/classes/modules/stat/classes/statistic.php</file>
    <file path="./classes/modules/stat/classes/entryPoints.php" size="1951" ext="php" hash="28aa15830ec2ba110a6d14a0ae1cd390" name="entryPoints.php">/classes/modules/stat/classes/entryPoints.php</file>
    <file path="./classes/modules/stat/classes/sourcesPages.php" size="987" ext="php" hash="ac5fad3088c83cbc7aff1d7c8e0f8554" name="sourcesPages.php">/classes/modules/stat/classes/sourcesPages.php</file>
    <file path="./classes/modules/stat/classes/auditoryVolume.php" size="2293" ext="php" hash="6825d1b32c6b77d7331abc335014de59" name="auditoryVolume.php">/classes/modules/stat/classes/auditoryVolume.php</file>
    <file path="./classes/modules/stat/classes/sectionHitsIncluded.php" size="1692" ext="php" hash="0145d859268f9ccf71333cc1d511b176" name="sectionHitsIncluded.php">/classes/modules/stat/classes/sectionHitsIncluded.php</file>
    <file path="./classes/modules/stat/classes/visitersCommon.php" size="4410" ext="php" hash="673a05e3e4f02ac9de512b4fcee89ebe" name="visitersCommon.php">/classes/modules/stat/classes/visitersCommon.php</file>
    <file path="./classes/modules/stat/classes/openstat.php" size="2335" ext="php" hash="f89756a1b3afe814d62e6d9d02e6fa05" name="openstat.php">/classes/modules/stat/classes/openstat.php</file>
    <file path="./classes/modules/stat/classes/visitCommon.php" size="5086" ext="php" hash="32c2b4f35e3371b206219af556971f9a" name="visitCommon.php">/classes/modules/stat/classes/visitCommon.php</file>
    <file path="./classes/modules/stat/classes/hostsCommon.php" size="5428" ext="php" hash="c97e8a983bd36affe8b3fd9d8f5a7f8a" name="hostsCommon.php">/classes/modules/stat/classes/hostsCommon.php</file>
    <file path="./classes/modules/stat/classes/openstatCampaigns.php" size="2744" ext="php" hash="023d51f5fbb3b1b76f7580fd7f26654f" name="openstatCampaigns.php">/classes/modules/stat/classes/openstatCampaigns.php</file>
    <file path="./classes/modules/stat/classes/pageInfo.php" size="13375" ext="php" hash="ac465166b97001b9cf5e8f7614b5ce3a" name="pageInfo.php">/classes/modules/stat/classes/pageInfo.php</file>
    <file path="./classes/modules/stat/classes/auditoryLoyality.php" size="3222" ext="php" hash="ee565f94592d335593a64a083b86b071" name="auditoryLoyality.php">/classes/modules/stat/classes/auditoryLoyality.php</file>
    <file path="./classes/modules/stat/classes/sourcesSummary.php" size="10596" ext="php" hash="90d4564a37115e2077e5cfd23def0376" name="sourcesSummary.php">/classes/modules/stat/classes/sourcesSummary.php</file>
    <file path="./classes/modules/stat/classes/visitDeep.php" size="3309" ext="php" hash="550d8c3cec2ae2127a5cf28ffbc3489b" name="visitDeep.php">/classes/modules/stat/classes/visitDeep.php</file>
    <file path="./classes/modules/stat/classes/reportBuilder.php" size="15425" ext="php" hash="6d53a2420553c58b1e9ef4047e1d2ef1" name="reportBuilder.php">/classes/modules/stat/classes/reportBuilder.php</file>
    <file path="./classes/modules/stat/classes/userTags.php" size="2051" ext="php" hash="be05ca1764ab1ba7e38ca14dee030fd4" name="userTags.php">/classes/modules/stat/classes/userTags.php</file>
    <file path="./classes/modules/stat/classes/xml/tagXml.php" size="834" ext="php" hash="22ee59075aed1131bb9bf8f22c262310" name="tagXml.php">/classes/modules/stat/classes/xml/tagXml.php</file>
    <file path="./classes/modules/stat/classes/xml/visitTimeXml.php" size="169" ext="php" hash="a65b2d49b4f4b460a451f6607a7cd17b" name="visitTimeXml.php">/classes/modules/stat/classes/xml/visitTimeXml.php</file>
    <file path="./classes/modules/stat/classes/xml/auditoryVolumeXml.php" size="165" ext="php" hash="07282fd436d0ae37c51415bfc77bba88" name="auditoryVolumeXml.php">/classes/modules/stat/classes/xml/auditoryVolumeXml.php</file>
    <file path="./classes/modules/stat/classes/xml/sourcesSEOKeywordsConcreteXml.php" size="177" ext="php" hash="75a56011381f0b240a1906785e50d10c" name="sourcesSEOKeywordsConcreteXml.php">/classes/modules/stat/classes/xml/sourcesSEOKeywordsConcreteXml.php</file>
    <file path="./classes/modules/stat/classes/xml/openstatSourcesXml.php" size="166" ext="php" hash="56cae21da16f9782357df87981db1d5c" name="openstatSourcesXml.php">/classes/modules/stat/classes/xml/openstatSourcesXml.php</file>
    <file path="./classes/modules/stat/classes/xml/sourcesPRXml.php" size="160" ext="php" hash="4c04cb2029632af0e382f708112f42b7" name="sourcesPRXml.php">/classes/modules/stat/classes/xml/sourcesPRXml.php</file>
    <file path="./classes/modules/stat/classes/xml/pagesHitsXml.php" size="160" ext="php" hash="703b6ed2e696a29c4b20fb3f72794e42" name="pagesHitsXml.php">/classes/modules/stat/classes/xml/pagesHitsXml.php</file>
    <file path="./classes/modules/stat/classes/xml/sectionHitsXml.php" size="162" ext="php" hash="360fd6a8fa3fdaf40680bb9cd533853a" name="sectionHitsXml.php">/classes/modules/stat/classes/xml/sectionHitsXml.php</file>
    <file path="./classes/modules/stat/classes/xml/sectionHitsIncludedXml.php" size="170" ext="php" hash="faa8f29e964bdd6a2243f0d4246330c2" name="sectionHitsIncludedXml.php">/classes/modules/stat/classes/xml/sectionHitsIncludedXml.php</file>
    <file path="./classes/modules/stat/classes/xml/refusesXml.php" size="158" ext="php" hash="0a63a69ce11a3d829b0f068c81c67b92" name="refusesXml.php">/classes/modules/stat/classes/xml/refusesXml.php</file>
    <file path="./classes/modules/stat/classes/xml/sourcesDomainsConcreteXml.php" size="173" ext="php" hash="a6a2d9f4db2b3da5dd39edddd8346f72" name="sourcesDomainsConcreteXml.php">/classes/modules/stat/classes/xml/sourcesDomainsConcreteXml.php</file>
    <file path="./classes/modules/stat/classes/xml/allTagsXml.php" size="857" ext="php" hash="f76af64f062b490486d20a5946f83b57" name="allTagsXml.php">/classes/modules/stat/classes/xml/allTagsXml.php</file>
    <file path="./classes/modules/stat/classes/xml/openstatCampaignsXml.php" size="168" ext="php" hash="f7b045896abeffccb9147b30f3ab7f5e" name="openstatCampaignsXml.php">/classes/modules/stat/classes/xml/openstatCampaignsXml.php</file>
    <file path="./classes/modules/stat/classes/xml/auditoryVolumeGrowthXml.php" size="171" ext="php" hash="713490ed6a496bb5531ba8f90f97c8fe" name="auditoryVolumeGrowthXml.php">/classes/modules/stat/classes/xml/auditoryVolumeGrowthXml.php</file>
    <file path="./classes/modules/stat/classes/xml/sourcesSEOKeywordsXml.php" size="169" ext="php" hash="28ed51567be52adfbca8340d243a02d9" name="sourcesSEOKeywordsXml.php">/classes/modules/stat/classes/xml/sourcesSEOKeywordsXml.php</file>
    <file path="./classes/modules/stat/classes/xml/visitsByDateXml.php" size="843" ext="php" hash="ed0718124e2efd2c40cdc28cea4d437f" name="visitsByDateXml.php">/classes/modules/stat/classes/xml/visitsByDateXml.php</file>
    <file path="./classes/modules/stat/classes/xml/sourcesDomainsXml.php" size="165" ext="php" hash="681e3eee89963a252689ddcfd3687bbf" name="sourcesDomainsXml.php">/classes/modules/stat/classes/xml/sourcesDomainsXml.php</file>
    <file path="./classes/modules/stat/classes/xml/openstatAdsXml.php" size="162" ext="php" hash="883995ee9762ea0799d9bc3b2b10414f" name="openstatAdsXml.php">/classes/modules/stat/classes/xml/openstatAdsXml.php</file>
    <file path="./classes/modules/stat/classes/xml/sourcesPagesXml.php" size="163" ext="php" hash="21361b8caa086e8e427b9439938ea4f2" name="sourcesPagesXml.php">/classes/modules/stat/classes/xml/sourcesPagesXml.php</file>
    <file path="./classes/modules/stat/classes/xml/cityStatXml.php" size="168" ext="php" hash="5f836fc24c7e86657c6f968e8ef222b6" name="cityStatXml.php">/classes/modules/stat/classes/xml/cityStatXml.php</file>
    <file path="./classes/modules/stat/classes/xml/exitPointsXml.php" size="161" ext="php" hash="9562f85a1044a7f669c6221d0fe2ca8e" name="exitPointsXml.php">/classes/modules/stat/classes/xml/exitPointsXml.php</file>
    <file path="./classes/modules/stat/classes/xml/xmlDecorator.php" size="1987" ext="php" hash="d3790d9ee68b53b08fea5787d4976111" name="xmlDecorator.php">/classes/modules/stat/classes/xml/xmlDecorator.php</file>
    <file path="./classes/modules/stat/classes/xml/pageInfoXml.php" size="1769" ext="php" hash="7d38537dbed88aad9042aa5cfd83c1a9" name="pageInfoXml.php">/classes/modules/stat/classes/xml/pageInfoXml.php</file>
    <file path="./classes/modules/stat/classes/xml/visitersCommonHoursXml.php" size="1273" ext="php" hash="29e46bed0080268c4188d0216fd07e07" name="visitersCommonHoursXml.php">/classes/modules/stat/classes/xml/visitersCommonHoursXml.php</file>
    <file path="./classes/modules/stat/classes/xml/sourcesSEOXml.php" size="161" ext="php" hash="5245e784ee678894bf334ace661b98fb" name="sourcesSEOXml.php">/classes/modules/stat/classes/xml/sourcesSEOXml.php</file>
    <file path="./classes/modules/stat/classes/xml/refererByEntryXml.php" size="174" ext="php" hash="951f33040b8096d50ab180ee4ebce8ba" name="refererByEntryXml.php">/classes/modules/stat/classes/xml/refererByEntryXml.php</file>
    <file path="./classes/modules/stat/classes/xml/visitersCommonXml.php" size="879" ext="php" hash="08f0fe1a038f6a950b8c000bca52bdf1" name="visitersCommonXml.php">/classes/modules/stat/classes/xml/visitersCommonXml.php</file>
    <file path="./classes/modules/stat/classes/xml/pageNextXml.php" size="159" ext="php" hash="f9cc711aa110b29e128b8ff27b420fc8" name="pageNextXml.php">/classes/modules/stat/classes/xml/pageNextXml.php</file>
    <file path="./classes/modules/stat/classes/xml/visitDeepXml.php" size="169" ext="php" hash="47231fc6f68efb7c629f98929aec75eb" name="visitDeepXml.php">/classes/modules/stat/classes/xml/visitDeepXml.php</file>
    <file path="./classes/modules/stat/classes/xml/fastUserTagsXml.php" size="862" ext="php" hash="8a29e603e2e60f1a1d34a982bd0abd35" name="fastUserTagsXml.php">/classes/modules/stat/classes/xml/fastUserTagsXml.php</file>
    <file path="./classes/modules/stat/classes/xml/entryPointsXml.php" size="162" ext="php" hash="07d3e53beac5f102133c5a1049fa586f" name="entryPointsXml.php">/classes/modules/stat/classes/xml/entryPointsXml.php</file>
    <file path="./classes/modules/stat/classes/xml/auditoryActivityXml.php" size="924" ext="php" hash="781593fa3d2dc9eade354a4c2a9fda48" name="auditoryActivityXml.php">/classes/modules/stat/classes/xml/auditoryActivityXml.php</file>
    <file path="./classes/modules/stat/classes/xml/pathsXml.php" size="898" ext="php" hash="f2ad90ec75a8b8942dae871f92e15352" name="pathsXml.php">/classes/modules/stat/classes/xml/pathsXml.php</file>
    <file path="./classes/modules/stat/classes/xml/auditoryLoyalityXml.php" size="176" ext="php" hash="8da4f2eb19d4ba71b70bfe484b175f1f" name="auditoryLoyalityXml.php">/classes/modules/stat/classes/xml/auditoryLoyalityXml.php</file>
    <file path="./classes/modules/stat/classes/xml/visitCommonXml.php" size="876" ext="php" hash="2a060765fe8f357d2ee734d060d383f6" name="visitCommonXml.php">/classes/modules/stat/classes/xml/visitCommonXml.php</file>
    <file path="./classes/modules/stat/classes/xml/visitCommonHoursXml.php" size="1270" ext="php" hash="a4e9aeedfe025dbbb87744320fa350fb" name="visitCommonHoursXml.php">/classes/modules/stat/classes/xml/visitCommonHoursXml.php</file>
    <file path="./classes/modules/stat/classes/xml/hostsCommonXml.php" size="876" ext="php" hash="851456d8a3463243fdd9f84c1a5894a4" name="hostsCommonXml.php">/classes/modules/stat/classes/xml/hostsCommonXml.php</file>
    <file path="./classes/modules/stat/classes/xml/sourcesSEOConcreteXml.php" size="169" ext="php" hash="c68ea21c966a721760f40214c820f1af" name="sourcesSEOConcreteXml.php">/classes/modules/stat/classes/xml/sourcesSEOConcreteXml.php</file>
    <file path="./classes/modules/stat/classes/xml/sourcesTopXml.php" size="161" ext="php" hash="ecf994ff716916d3c9c911c9d9c74efe" name="sourcesTopXml.php">/classes/modules/stat/classes/xml/sourcesTopXml.php</file>
    <file path="./classes/modules/stat/classes/xml/openstatServicesXml.php" size="167" ext="php" hash="f8589ce47b662a833ca1f7815692f396" name="openstatServicesXml.php">/classes/modules/stat/classes/xml/openstatServicesXml.php</file>
    <file path="./classes/modules/stat/classes/xml/sourcesSummaryXml.php" size="923" ext="php" hash="3e800ce3fd3d015c079f9b2cf3408fab" name="sourcesSummaryXml.php">/classes/modules/stat/classes/xml/sourcesSummaryXml.php</file>
    <file path="./classes/modules/stat/classes/xml/userStatXml.php" size="4077" ext="php" hash="8ecbd8fb828ff2e2ae81edbf1b9d590d" name="userStatXml.php">/classes/modules/stat/classes/xml/userStatXml.php</file>
    <file path="./classes/modules/stat/classes/xml/userTagsXml.php" size="858" ext="php" hash="9fa23b6a7e23c43a6aa0cfc9efc2f438" name="userTagsXml.php">/classes/modules/stat/classes/xml/userTagsXml.php</file>
    <file path="./classes/modules/stat/classes/xml/hostsCommonHoursXml.php" size="1270" ext="php" hash="d3912a77c1b377a76b3a033b41c24f6e" name="hostsCommonHoursXml.php">/classes/modules/stat/classes/xml/hostsCommonHoursXml.php</file>
    <file path="./classes/modules/stat/classes/xml/entryByRefererXml.php" size="174" ext="php" hash="2babec43ddbbd5f2849e4ef4fa46ea4e" name="entryByRefererXml.php">/classes/modules/stat/classes/xml/entryByRefererXml.php</file>
    <file path="./classes/modules/stat/classes/paths.php" size="3971" ext="php" hash="90de16f2b44d6baf3b51b8b3c74a74da" name="paths.php">/classes/modules/stat/classes/paths.php</file>
    <file path="./classes/modules/stat/classes/sourcesDomainsConcrete.php" size="2580" ext="php" hash="4625218b3b219f2b2f7b64618df7ae6e" name="sourcesDomainsConcrete.php">/classes/modules/stat/classes/sourcesDomainsConcrete.php</file>
    <file path="./classes/modules/stat/classes/simpleStat.php" size="13243" ext="php" hash="b94251467f17b4d57c4cc7269990efa8" name="simpleStat.php">/classes/modules/stat/classes/simpleStat.php</file>
    <file path="./classes/modules/stat/classes/sectionHits.php" size="3814" ext="php" hash="57832dee5c79d6e23fb7f16c541234b9" name="sectionHits.php">/classes/modules/stat/classes/sectionHits.php</file>
    <file path="./classes/modules/stat/classes/visitsByDate.php" size="1098" ext="php" hash="2a10c2178457aa62689c36ed42ce357e" name="visitsByDate.php">/classes/modules/stat/classes/visitsByDate.php</file>
    <file path="./classes/modules/stat/classes/sourcesSEO.php" size="1826" ext="php" hash="b7958dad376278049c7c83a06d3afff1" name="sourcesSEO.php">/classes/modules/stat/classes/sourcesSEO.php</file>
    <file path="./classes/modules/stat/classes/refuses.php" size="2526" ext="php" hash="51aabe08fb66b6883053c0f88e728c87" name="refuses.php">/classes/modules/stat/classes/refuses.php</file>
    <file path="./classes/modules/stat/classes/cityStat.php" size="848" ext="php" hash="5f1aea7128db72228b8bf47e2a3281c0" name="cityStat.php">/classes/modules/stat/classes/cityStat.php</file>
    <file path="./classes/modules/stat/classes/hostsCommonHours.php" size="4501" ext="php" hash="6c3c640303fc06cd65ef8e8043ce1c77" name="hostsCommonHours.php">/classes/modules/stat/classes/hostsCommonHours.php</file>
    <file path="./classes/modules/stat/classes/sourcesPR.php" size="941" ext="php" hash="0f71bcdb5fa6bc161a6edf6623f8296b" name="sourcesPR.php">/classes/modules/stat/classes/sourcesPR.php</file>
    <file path="./classes/modules/stat/classes/sourcesSEOConcrete.php" size="1968" ext="php" hash="10327c0631ffec0659f01d004c8639ba" name="sourcesSEOConcrete.php">/classes/modules/stat/classes/sourcesSEOConcrete.php</file>
    <file path="./classes/modules/stat/classes/exitPoints.php" size="2608" ext="php" hash="2309c64fbf3b94df4f9002a383777775" name="exitPoints.php">/classes/modules/stat/classes/exitPoints.php</file>
    <file path="./classes/modules/stat/__sections.php" size="7526" ext="php" hash="f9455ee098dc643352a577454228f0ad" name="__sections.php">/classes/modules/stat/__sections.php</file>
    <file path="./classes/modules/stat/install.php" size="10494" ext="php" hash="82a0ad0aba3644be6e92ba1e5543c70b" name="install.php">/classes/modules/stat/install.php</file>
    <file path="./classes/modules/stat/__visitors.php" size="15687" ext="php" hash="8c1f706feba7deeb631d7df2cac617d0" name="__visitors.php">/classes/modules/stat/__visitors.php</file>
    <file path="./classes/modules/stat/__auditory.php" size="53449" ext="php" hash="c4859b6f32644b96b5b09651a6c81c90" name="__auditory.php">/classes/modules/stat/__auditory.php</file>
    <file path="./classes/modules/stat/i18n.en.php" size="11795" ext="php" hash="6063f3178fef2759de301d465a6f6309" name="i18n.en.php" only_install="true">/classes/modules/stat/i18n.en.php</file>
    <file path="./classes/modules/stat/class.php" size="7039" ext="php" hash="9d17145becbd9560bb1143897bd5d146" name="class.php">/classes/modules/stat/class.php</file>
    <file path="./classes/modules/stat/i18n.php" size="17659" ext="php" hash="52e6406f019b780e90a963072036615e" name="i18n.php">/classes/modules/stat/i18n.php</file>
    <file path="./classes/modules/stat/__tags_cloud.php" size="1468" ext="php" hash="baf109c8c582e6fd9b67063091ffa7bc" name="__tags_cloud.php">/classes/modules/stat/__tags_cloud.php</file>
    <file path="./classes/modules/stat/__seo.php" size="6042" ext="php" hash="7b4cf003c9e70749a20139b71250e6a0" name="__seo.php">/classes/modules/stat/__seo.php</file>
    <file path="./classes/modules/stat/__admin_tags_cloud.php" size="4294" ext="php" hash="5d82ea4b84acbc6147ece86d8398d439" name="__admin_tags_cloud.php">/classes/modules/stat/__admin_tags_cloud.php</file>
    <file path="./classes/components/stat/autoload.php" size="1115" ext="php" hash="568aec9552ba85e33b8d552e730d991d" name="autoload.php">/classes/components/stat/autoload.php</file>
    <file path="./classes/components/stat/macros.php" size="1864" ext="php" hash="6ecdad2cb4aab3ae0ea899cb3aebd8e1" name="macros.php">/classes/components/stat/macros.php</file>
    <file path="./classes/components/stat/permissions.php" size="1569" ext="php" hash="df68f2f9bd2d17c1ad5f80916c4baee8" name="permissions.php">/classes/components/stat/permissions.php</file>
    <file path="./classes/components/stat/customMacros.php" size="151" ext="php" hash="48c80175e8aa52d8d3678133c00cc985" name="customMacros.php" only_install="true">/classes/components/stat/customMacros.php</file>
    <file path="./classes/components/stat/services.php" size="698" ext="php" hash="5f9fef19cad27d594b6c5271ad6999ae" name="services.php">/classes/components/stat/services.php</file>
    <file path="./classes/components/stat/lang.php" size="3118" ext="php" hash="e6d84f961fc1406dddb69be35ad324e9" name="lang.php">/classes/components/stat/lang.php</file>
    <file path="./classes/components/stat/customAdmin.php" size="204" ext="php" hash="5bfa33b045d78c0fc49c4e0ff24dcefd" name="customAdmin.php" only_install="true">/classes/components/stat/customAdmin.php</file>
    <file path="./classes/components/stat/classes/holidayRoutineCounter.php" size="1780" ext="php" hash="8770cd604a7c4e80827d7c9c87fb34dc" name="holidayRoutineCounter.php">/classes/components/stat/classes/holidayRoutineCounter.php</file>
    <file path="./classes/components/stat/classes/Registry.php" size="851" ext="php" hash="df7d57e3f6a96b75025ae0d5efead015" name="Registry.php">/classes/components/stat/classes/Registry.php</file>
    <file path="./classes/components/stat/classes/reports/visitTime.php" size="3135" ext="php" hash="67a400183b91748a6e5bd5701e108ab4" name="visitTime.php">/classes/components/stat/classes/reports/visitTime.php</file>
    <file path="./classes/components/stat/classes/reports/pageNext.php" size="1523" ext="php" hash="1b484e9721a244947cd2b5032bd23b8d" name="pageNext.php">/classes/components/stat/classes/reports/pageNext.php</file>
    <file path="./classes/components/stat/classes/reports/allTags.php" size="2690" ext="php" hash="986a43af25dba4135ef38348ce32c956" name="allTags.php">/classes/components/stat/classes/reports/allTags.php</file>
    <file path="./classes/components/stat/classes/reports/tag.php" size="1224" ext="php" hash="c1077799825125cf6cea2d71c101efbb" name="tag.php">/classes/components/stat/classes/reports/tag.php</file>
    <file path="./classes/components/stat/classes/reports/visitCommonHours.php" size="4524" ext="php" hash="b84c06c29b48b347478125a42e878f0c" name="visitCommonHours.php">/classes/components/stat/classes/reports/visitCommonHours.php</file>
    <file path="./classes/components/stat/classes/reports/openstatServices.php" size="2278" ext="php" hash="c88db77f1014e83801d71fa1f87060bd" name="openstatServices.php">/classes/components/stat/classes/reports/openstatServices.php</file>
    <file path="./classes/components/stat/classes/reports/pagesHits.php" size="1455" ext="php" hash="53d956495f4dcd720944a3c472fa847e" name="pagesHits.php">/classes/components/stat/classes/reports/pagesHits.php</file>
    <file path="./classes/components/stat/classes/reports/openstatSources.php" size="1860" ext="php" hash="432ecc5146dc651c98ed184f427c2244" name="openstatSources.php">/classes/components/stat/classes/reports/openstatSources.php</file>
    <file path="./classes/components/stat/classes/reports/fastUserTags.php" size="1044" ext="php" hash="418e847686894bb5deee23791b93b802" name="fastUserTags.php">/classes/components/stat/classes/reports/fastUserTags.php</file>
    <file path="./classes/components/stat/classes/reports/auditoryActivity.php" size="3660" ext="php" hash="0f6d341432e0242f502055e967414150" name="auditoryActivity.php">/classes/components/stat/classes/reports/auditoryActivity.php</file>
    <file path="./classes/components/stat/classes/reports/sourcesSEOKeywordsConcrete.php" size="2067" ext="php" hash="dbc0ae7be89044680fe59f645656cae6" name="sourcesSEOKeywordsConcrete.php">/classes/components/stat/classes/reports/sourcesSEOKeywordsConcrete.php</file>
    <file path="./classes/components/stat/classes/reports/userStat.php" size="14143" ext="php" hash="1bf6ae4382675cd051bd72b9af07a921" name="userStat.php">/classes/components/stat/classes/reports/userStat.php</file>
    <file path="./classes/components/stat/classes/reports/sourcesDomains.php" size="1750" ext="php" hash="30a8b67c69131a0884aca4ddcef6d408" name="sourcesDomains.php">/classes/components/stat/classes/reports/sourcesDomains.php</file>
    <file path="./classes/components/stat/classes/reports/sourcesSEOKeywords.php" size="1738" ext="php" hash="691a69305f4c323a2475dd632606361f" name="sourcesSEOKeywords.php">/classes/components/stat/classes/reports/sourcesSEOKeywords.php</file>
    <file path="./classes/components/stat/classes/reports/refererByEntry.php" size="1375" ext="php" hash="742db379d069364bc833a9b4d3483835" name="refererByEntry.php">/classes/components/stat/classes/reports/refererByEntry.php</file>
    <file path="./classes/components/stat/classes/reports/visitersCommonHours.php" size="4443" ext="php" hash="90210d6d3511a66f7d1559dc15adc075" name="visitersCommonHours.php">/classes/components/stat/classes/reports/visitersCommonHours.php</file>
    <file path="./classes/components/stat/classes/reports/sourcesTop.php" size="3318" ext="php" hash="7c7990db166f4eaad66db45ee090dd86" name="sourcesTop.php">/classes/components/stat/classes/reports/sourcesTop.php</file>
    <file path="./classes/components/stat/classes/reports/auditoryVolumeGrowth.php" size="1896" ext="php" hash="8d495f68ab1aaee2e0e7b3a5feadd55c" name="auditoryVolumeGrowth.php">/classes/components/stat/classes/reports/auditoryVolumeGrowth.php</file>
    <file path="./classes/components/stat/classes/reports/openstatAds.php" size="2363" ext="php" hash="35bce4d182a0b656e4ca3c8bfee55c0f" name="openstatAds.php">/classes/components/stat/classes/reports/openstatAds.php</file>
    <file path="./classes/components/stat/classes/reports/entryByReferer.php" size="1251" ext="php" hash="ad5a5971a8ac99c65c2185581e7af28b" name="entryByReferer.php">/classes/components/stat/classes/reports/entryByReferer.php</file>
    <file path="./classes/components/stat/classes/reports/entryPoints.php" size="1615" ext="php" hash="00766c1f3ed32a2de59f5037cfbf13a1" name="entryPoints.php">/classes/components/stat/classes/reports/entryPoints.php</file>
    <file path="./classes/components/stat/classes/reports/auditoryVolume.php" size="2065" ext="php" hash="be64e3146249942027f8bde7d1b737db" name="auditoryVolume.php">/classes/components/stat/classes/reports/auditoryVolume.php</file>
    <file path="./classes/components/stat/classes/reports/visitersCommon.php" size="4280" ext="php" hash="6bc05e6e81065a5b5475f235d579a778" name="visitersCommon.php">/classes/components/stat/classes/reports/visitersCommon.php</file>
    <file path="./classes/components/stat/classes/reports/visitCommon.php" size="4159" ext="php" hash="313cc65f58bef38aaf35a4d25b307e57" name="visitCommon.php">/classes/components/stat/classes/reports/visitCommon.php</file>
    <file path="./classes/components/stat/classes/reports/hostsCommon.php" size="4647" ext="php" hash="d67b967eb1d54295e1190cc4c566033a" name="hostsCommon.php">/classes/components/stat/classes/reports/hostsCommon.php</file>
    <file path="./classes/components/stat/classes/reports/openstatCampaigns.php" size="2335" ext="php" hash="16116e50fecfd71b4a3920d692b985ad" name="openstatCampaigns.php">/classes/components/stat/classes/reports/openstatCampaigns.php</file>
    <file path="./classes/components/stat/classes/reports/auditoryLoyality.php" size="2938" ext="php" hash="b7067d25a33d97779f0142184fb1e2f3" name="auditoryLoyality.php">/classes/components/stat/classes/reports/auditoryLoyality.php</file>
    <file path="./classes/components/stat/classes/reports/visitDeep.php" size="2952" ext="php" hash="a5a14b8fab89748c1d9a8c8a0e99b906" name="visitDeep.php">/classes/components/stat/classes/reports/visitDeep.php</file>
    <file path="./classes/components/stat/classes/reports/paths.php" size="3521" ext="php" hash="997b58da3167b3f670f9a452a930b8ce" name="paths.php">/classes/components/stat/classes/reports/paths.php</file>
    <file path="./classes/components/stat/classes/reports/sourcesDomainsConcrete.php" size="1999" ext="php" hash="391d236d47b359f91a14580c0d0447c1" name="sourcesDomainsConcrete.php">/classes/components/stat/classes/reports/sourcesDomainsConcrete.php</file>
    <file path="./classes/components/stat/classes/reports/sectionHits.php" size="3452" ext="php" hash="a382bbf592298911113780530b6fd1b5" name="sectionHits.php">/classes/components/stat/classes/reports/sectionHits.php</file>
    <file path="./classes/components/stat/classes/reports/sourcesSEO.php" size="1742" ext="php" hash="7bcf8dab22abc65ad3ae5d2740acacda" name="sourcesSEO.php">/classes/components/stat/classes/reports/sourcesSEO.php</file>
    <file path="./classes/components/stat/classes/reports/cityStat.php" size="788" ext="php" hash="da9066bec489e70b2a6324f409ddce36" name="cityStat.php">/classes/components/stat/classes/reports/cityStat.php</file>
    <file path="./classes/components/stat/classes/reports/sourcesSEOConcrete.php" size="1836" ext="php" hash="7cf92b37631207399bd15603d67dcee3" name="sourcesSEOConcrete.php">/classes/components/stat/classes/reports/sourcesSEOConcrete.php</file>
    <file path="./classes/components/stat/classes/reports/exitPoints.php" size="2173" ext="php" hash="fa265976dd05cbc4024b84c450c5c57f" name="exitPoints.php">/classes/components/stat/classes/reports/exitPoints.php</file>
    <file path="./classes/components/stat/classes/statisticFactory.php" size="2153" ext="php" hash="2a33d390c0a6a5884068c6b9e8325062" name="statisticFactory.php">/classes/components/stat/classes/statisticFactory.php</file>
    <file path="./classes/components/stat/classes/Yandex/Metric/Client.php" size="17491" ext="php" hash="ce6352c9cf77334be36e9128e9c08427" name="Client.php">/classes/components/stat/classes/Yandex/Metric/Client.php</file>
    <file path="./classes/components/stat/classes/Yandex/Metric/Serializer.php" size="1598" ext="php" hash="fccc014d2754b257a6f96737ce1e15b5" name="Serializer.php">/classes/components/stat/classes/Yandex/Metric/Serializer.php</file>
    <file path="./classes/components/stat/classes/Yandex/Metric/iClient.php" size="26489" ext="php" hash="450043201ebc617e4e3f7d1340cb3fb3" name="iClient.php">/classes/components/stat/classes/Yandex/Metric/iClient.php</file>
    <file path="./classes/components/stat/classes/Yandex/Metric/iSerializer.php" size="972" ext="php" hash="de9924d808874c52c2481e9de54c09f5" name="iSerializer.php">/classes/components/stat/classes/Yandex/Metric/iSerializer.php</file>
    <file path="./classes/components/stat/classes/Yandex/ModuleApi/Admin.php" size="47797" ext="php" hash="f9e4e1dbe23995866af33afa14ded909" name="Admin.php">/classes/components/stat/classes/Yandex/ModuleApi/Admin.php</file>
    <file path="./classes/components/stat/classes/statistic.php" size="36822" ext="php" hash="181c5aac0cdb33166e7fd86e1688b884" name="statistic.php">/classes/components/stat/classes/statistic.php</file>
    <file path="./classes/components/stat/classes/xmlDecorator.php" size="3228" ext="php" hash="139626eb4801c94cdd3798b5f54226a7" name="xmlDecorator.php">/classes/components/stat/classes/xmlDecorator.php</file>
    <file path="./classes/components/stat/classes/openstat.php" size="4144" ext="php" hash="a63ee328a884df5c9dcc27da855f4b4e" name="openstat.php">/classes/components/stat/classes/openstat.php</file>
    <file path="./classes/components/stat/classes/iRegistry.php" size="331" ext="php" hash="4f1741b696d17d44932deab3aac78719" name="iRegistry.php">/classes/components/stat/classes/iRegistry.php</file>
    <file path="./classes/components/stat/classes/decorators/tagXml.php" size="777" ext="php" hash="71bca1ef002e518f5abc4acd409aff7e" name="tagXml.php">/classes/components/stat/classes/decorators/tagXml.php</file>
    <file path="./classes/components/stat/classes/decorators/visitTimeXml.php" size="230" ext="php" hash="93423e49e948ca1d4e2072dacfd63b27" name="visitTimeXml.php">/classes/components/stat/classes/decorators/visitTimeXml.php</file>
    <file path="./classes/components/stat/classes/decorators/auditoryVolumeXml.php" size="230" ext="php" hash="da26d938f50c42c1026a6d455a374661" name="auditoryVolumeXml.php">/classes/components/stat/classes/decorators/auditoryVolumeXml.php</file>
    <file path="./classes/components/stat/classes/decorators/sourcesSEOKeywordsConcreteXml.php" size="254" ext="php" hash="e26ac7517db2bed123c7fb61ac0d0094" name="sourcesSEOKeywordsConcreteXml.php">/classes/components/stat/classes/decorators/sourcesSEOKeywordsConcreteXml.php</file>
    <file path="./classes/components/stat/classes/decorators/openstatSourcesXml.php" size="232" ext="php" hash="9024f57cf442b17842c3d1b61ae56756" name="openstatSourcesXml.php">/classes/components/stat/classes/decorators/openstatSourcesXml.php</file>
    <file path="./classes/components/stat/classes/decorators/pagesHitsXml.php" size="220" ext="php" hash="db6159f8efc2ae27b877f5f24e6e92aa" name="pagesHitsXml.php">/classes/components/stat/classes/decorators/pagesHitsXml.php</file>
    <file path="./classes/components/stat/classes/decorators/sectionHitsXml.php" size="224" ext="php" hash="9ef175c20d3b87bb8149761caa93a99b" name="sectionHitsXml.php">/classes/components/stat/classes/decorators/sectionHitsXml.php</file>
    <file path="./classes/components/stat/classes/decorators/sourcesDomainsConcreteXml.php" size="246" ext="php" hash="51b720f28d84c0dd483d3ddd779a244e" name="sourcesDomainsConcreteXml.php">/classes/components/stat/classes/decorators/sourcesDomainsConcreteXml.php</file>
    <file path="./classes/components/stat/classes/decorators/allTagsXml.php" size="785" ext="php" hash="52001ac55f61eb76a2ca22b0726d038a" name="allTagsXml.php">/classes/components/stat/classes/decorators/allTagsXml.php</file>
    <file path="./classes/components/stat/classes/decorators/openstatCampaignsXml.php" size="236" ext="php" hash="c09f84b89b6a8bb1651e76b329e3d889" name="openstatCampaignsXml.php">/classes/components/stat/classes/decorators/openstatCampaignsXml.php</file>
    <file path="./classes/components/stat/classes/decorators/auditoryVolumeGrowthXml.php" size="242" ext="php" hash="c12832d7817ff09e01860d1711b2316a" name="auditoryVolumeGrowthXml.php">/classes/components/stat/classes/decorators/auditoryVolumeGrowthXml.php</file>
    <file path="./classes/components/stat/classes/decorators/sourcesSEOKeywordsXml.php" size="238" ext="php" hash="8a1d7c4efc6c68637f41013ffb45a6e6" name="sourcesSEOKeywordsXml.php">/classes/components/stat/classes/decorators/sourcesSEOKeywordsXml.php</file>
    <file path="./classes/components/stat/classes/decorators/sourcesDomainsXml.php" size="230" ext="php" hash="721fa1c38c61907bf024d1e2c753a8ce" name="sourcesDomainsXml.php">/classes/components/stat/classes/decorators/sourcesDomainsXml.php</file>
    <file path="./classes/components/stat/classes/decorators/openstatAdsXml.php" size="224" ext="php" hash="870779a2bf3061738185f7e88fa85b32" name="openstatAdsXml.php">/classes/components/stat/classes/decorators/openstatAdsXml.php</file>
    <file path="./classes/components/stat/classes/decorators/cityStatXml.php" size="227" ext="php" hash="a8acecd3a166f446d00a63abbb740f1e" name="cityStatXml.php">/classes/components/stat/classes/decorators/cityStatXml.php</file>
    <file path="./classes/components/stat/classes/decorators/exitPointsXml.php" size="222" ext="php" hash="87bd8731dd6f89cfba85572a5be1eb00" name="exitPointsXml.php">/classes/components/stat/classes/decorators/exitPointsXml.php</file>
    <file path="./classes/components/stat/classes/decorators/visitersCommonHoursXml.php" size="1155" ext="php" hash="aacaba745ad8585d40b2f42aad294463" name="visitersCommonHoursXml.php">/classes/components/stat/classes/decorators/visitersCommonHoursXml.php</file>
    <file path="./classes/components/stat/classes/decorators/sourcesSEOXml.php" size="222" ext="php" hash="d439aaadc54907ba431f5404f921bd92" name="sourcesSEOXml.php">/classes/components/stat/classes/decorators/sourcesSEOXml.php</file>
    <file path="./classes/components/stat/classes/decorators/refererByEntryXml.php" size="239" ext="php" hash="e69c7968f3bef2a18ba9760b429310b5" name="refererByEntryXml.php">/classes/components/stat/classes/decorators/refererByEntryXml.php</file>
    <file path="./classes/components/stat/classes/decorators/visitersCommonXml.php" size="863" ext="php" hash="7db093ba1ef6dc72777fb3761c88b500" name="visitersCommonXml.php">/classes/components/stat/classes/decorators/visitersCommonXml.php</file>
    <file path="./classes/components/stat/classes/decorators/pageNextXml.php" size="218" ext="php" hash="344ec98d9c0a501147fa3da686dd005b" name="pageNextXml.php">/classes/components/stat/classes/decorators/pageNextXml.php</file>
    <file path="./classes/components/stat/classes/decorators/visitDeepXml.php" size="229" ext="php" hash="9271f5504c21f36c171a2add9a3917eb" name="visitDeepXml.php">/classes/components/stat/classes/decorators/visitDeepXml.php</file>
    <file path="./classes/components/stat/classes/decorators/fastUserTagsXml.php" size="812" ext="php" hash="7c983dfb19cb548a7d7fa307032f14c3" name="fastUserTagsXml.php">/classes/components/stat/classes/decorators/fastUserTagsXml.php</file>
    <file path="./classes/components/stat/classes/decorators/entryPointsXml.php" size="224" ext="php" hash="f5ff85e5a2ee549ea1dc79108b886f00" name="entryPointsXml.php">/classes/components/stat/classes/decorators/entryPointsXml.php</file>
    <file path="./classes/components/stat/classes/decorators/auditoryActivityXml.php" size="886" ext="php" hash="05dd4ece248f672a5040ef42a7f37b30" name="auditoryActivityXml.php">/classes/components/stat/classes/decorators/auditoryActivityXml.php</file>
    <file path="./classes/components/stat/classes/decorators/pathsXml.php" size="849" ext="php" hash="a35e3137c1a50784b876065b8ca4ffbc" name="pathsXml.php">/classes/components/stat/classes/decorators/pathsXml.php</file>
    <file path="./classes/components/stat/classes/decorators/auditoryLoyalityXml.php" size="243" ext="php" hash="6d98f25b634c8217bb6556d3daf88a52" name="auditoryLoyalityXml.php">/classes/components/stat/classes/decorators/auditoryLoyalityXml.php</file>
    <file path="./classes/components/stat/classes/decorators/visitCommonXml.php" size="857" ext="php" hash="8ecf4f1afe1dc9df37944d20e6192e31" name="visitCommonXml.php">/classes/components/stat/classes/decorators/visitCommonXml.php</file>
    <file path="./classes/components/stat/classes/decorators/visitCommonHoursXml.php" size="1151" ext="php" hash="30f8df63eb20addd9eeaedac34e981db" name="visitCommonHoursXml.php">/classes/components/stat/classes/decorators/visitCommonHoursXml.php</file>
    <file path="./classes/components/stat/classes/decorators/hostsCommonXml.php" size="857" ext="php" hash="9639f03d61bfb8c8b0afabde00b498bc" name="hostsCommonXml.php">/classes/components/stat/classes/decorators/hostsCommonXml.php</file>
    <file path="./classes/components/stat/classes/decorators/sourcesSEOConcreteXml.php" size="238" ext="php" hash="5f16ba9ee97eb6cd9a8272ef7618fa13" name="sourcesSEOConcreteXml.php">/classes/components/stat/classes/decorators/sourcesSEOConcreteXml.php</file>
    <file path="./classes/components/stat/classes/decorators/sourcesTopXml.php" size="222" ext="php" hash="2b47fb0f91c226f3d21d6a128b4489d1" name="sourcesTopXml.php">/classes/components/stat/classes/decorators/sourcesTopXml.php</file>
    <file path="./classes/components/stat/classes/decorators/openstatServicesXml.php" size="234" ext="php" hash="cb75b03eeff20d4c60a9741f1da4f35b" name="openstatServicesXml.php">/classes/components/stat/classes/decorators/openstatServicesXml.php</file>
    <file path="./classes/components/stat/classes/decorators/userStatXml.php" size="3806" ext="php" hash="d81f92f97ea16f439efc099d2a635694" name="userStatXml.php">/classes/components/stat/classes/decorators/userStatXml.php</file>
    <file path="./classes/components/stat/classes/decorators/entryByRefererXml.php" size="239" ext="php" hash="50d0002a77fd44f7c1fdffbea2609dbd" name="entryByRefererXml.php">/classes/components/stat/classes/decorators/entryByRefererXml.php</file>
    <file path="./classes/components/stat/classes/simpleStat.php" size="13683" ext="php" hash="adba3d6f49aa7d91d40a8f167fd32f34" name="simpleStat.php">/classes/components/stat/classes/simpleStat.php</file>
    <file path="./classes/components/stat/handlers.php" size="70" ext="php" hash="43bd8b4ddc4564615fce3adee8c13105" name="handlers.php">/classes/components/stat/handlers.php</file>
    <file path="./classes/components/stat/admin.php" size="143036" ext="php" hash="10925244f1bea8717b7d8626a83f72b6" name="admin.php">/classes/components/stat/admin.php</file>
    <file path="./classes/components/stat/install.php" size="6253" ext="php" hash="c92786780a55976dffe1d538792b3237" name="install.php">/classes/components/stat/install.php</file>
    <file path="./classes/components/stat/includes.php" size="70" ext="php" hash="43bd8b4ddc4564615fce3adee8c13105" name="includes.php">/classes/components/stat/includes.php</file>
    <file path="./classes/components/stat/i18n.en.php" size="15927" ext="php" hash="71b43a2e8f14744ba60c5b98caab254b" name="i18n.en.php" only_install="true">/classes/components/stat/i18n.en.php</file>
    <file path="./classes/components/stat/class.php" size="18394" ext="php" hash="928b7f50e063deda06910b57020bcfe4" name="class.php">/classes/components/stat/class.php</file>
    <file path="./classes/components/stat/i18n.php" size="22869" ext="php" hash="b78b4b6440c92a485ff08f8e1e463911" name="i18n.php">/classes/components/stat/i18n.php</file>
    <file path="./classes/components/stat/lang.en.php" size="2245" ext="php" hash="2c6ab9f3001bb8555f5f8e51b21bbe6e" name="lang.en.php">/classes/components/stat/lang.en.php</file>
    <file path="./styles/skins/mac/data/modules/stat/settings.view.xsl" size="32318" ext="xsl" hash="d1badb3153aef96da2a8f16dd5de37c7" name="settings.view.xsl">/styles/skins/mac/data/modules/stat/settings.view.xsl</file>
    <file path="./styles/skins/mac/data/modules/stat/settings.modify.xsl" size="2817" ext="xsl" hash="ca9c1aff68042c0f99a2063daf63d314" name="settings.modify.xsl">/styles/skins/mac/data/modules/stat/settings.modify.xsl</file>
    <file path="./styles/skins/modern/data/modules/stat/list.view.xsl" size="1182" ext="xsl" hash="501769b58d55a4ec84f77d28dda58f32" name="list.view.xsl">/styles/skins/modern/data/modules/stat/list.view.xsl</file>
    <file path="./styles/skins/modern/data/modules/stat/settings.view.xsl" size="12912" ext="xsl" hash="4b60c53d9874e76404b86a1b07fc53ae" name="settings.view.xsl">/styles/skins/modern/data/modules/stat/settings.view.xsl</file>
    <file path="./styles/skins/modern/data/modules/stat/form.modify.xsl" size="6882" ext="xsl" hash="fd47694b05483ffa43f09505873c0488" name="form.modify.xsl">/styles/skins/modern/data/modules/stat/form.modify.xsl</file>
    <file path="./styles/skins/modern/data/modules/stat/settings.modify.xsl" size="3018" ext="xsl" hash="507a6411e1529a39eee4ed666789fc92" name="settings.modify.xsl">/styles/skins/modern/data/modules/stat/settings.modify.xsl</file>
  </files>
  <langs/>
  <domains/>
  <templates/>
  <datatypes/>
  <types/>
  <objects/>
  <pages/>
  <entities/>
  <relations/>
  <options/>
  <restrictions/>
  <permissions/>
  <hierarchy/>
</umidump>
