<?xml version="1.0" encoding="utf-8"?>
<umidump xmlns:xlink="http://www.w3.org/TR/xlink" version="2.0">
  <meta>
    <site-name><![CDATA[umicms.demo site]]></site-name>
    <domain><![CDATA[fmarket.screator.pro]]></domain>
    <lang><![CDATA[ru]]></lang>
    <source-name><![CDATA[formslite]]></source-name>
    <generate-time>
      <timestamp>1485354415</timestamp>
      <rfc>Wed, 25 Jan 2017 17:26:55 +0300</rfc>
      <utc>2017-01-25T17:26:55+03:00</utc>
    </generate-time>
  </meta>
  <registry>
    <key path="modules" val=""/>
    <key path="modules/formslite" val="formslite"/>
    <key path="modules/formslite/version" val="1.0"/>
    <key path="modules/formslite/name" val="formslite"/>
    <key path="modules/formslite/title" val="Формы Lite"/>
    <key path="modules/formslite/filename" val="modules/formslite/class.php"/>
    <key path="modules/formslite/config" val="1"/>
    <key path="modules/formslite/ico" val="ico_formslite"/>
    <key path="modules/formslite/default_method_admin" val="templates"/>
    <key path="modules/formslite/is_indexed" val="1"/>
    <key path="modules/formslite/per_page" val="10"/>
    <key path="modules/formslite/func_perms" val=""/>
    <key path="modules/formslite/func_perms/view" val="Использование модуля"/>
    <key path="modules/formslite/func_perms/admin" val="Основные права на управление модулем"/>
    <key path="modules/formslite/email_to" val=""/>
    <key path="modules/formslite/name_to" val=""/>
  </registry>
  <directories>
    <directory path="./classes/modules/formslite" name="formslite">/classes/modules/formslite</directory>
    <directory path="./styles/skins/mac/data/modules/formslite" name="formslite">/styles/skins/mac/data/modules/formslite</directory>
    <directory path="./classes/components/formslite" name="formslite">/classes/components/formslite</directory>
    <directory path="./styles/skins/modern/data/modules/formslite" name="formslite">/styles/skins/modern/data/modules/formslite</directory>
    <directory path="./man/ru/formslite" name="formslite">/man/ru/formslite</directory>
  </directories>
  <files>
    <file path="./classes/modules/formslite/permissions.php" size="168" ext="php" hash="81fc6e0d5e1df18a0657194da2f9f803" name="permissions.php">/classes/modules/formslite/permissions.php</file>
    <file path="./classes/modules/formslite/class.php" size="5231" ext="php" hash="f291cad9620fbebe0cf305561c76609d" name="class.php">/classes/modules/formslite/class.php</file>
    <file path="./classes/modules/formslite/install.php" size="519" ext="php" hash="c521202a8d4c7ad918225b91d57f50ab" name="install.php">/classes/modules/formslite/install.php</file>
    <file path="./classes/modules/formslite/i18n.php" size="929" ext="php" hash="ef71913bdd15d704c0b1970258cb2bf6" name="i18n.php">/classes/modules/formslite/i18n.php</file>
    <file path="./classes/modules/formslite/__admin.php" size="4263" ext="php" hash="00d046469908fe5bfeebcf078d858297" name="__admin.php">/classes/modules/formslite/__admin.php</file>
    <file path="./classes/modules/formslite/lang.php" size="690" ext="php" hash="6937c2df8c10a7fd2b49845edac158ad" name="lang.php">/classes/modules/formslite/lang.php</file>
    <file path="./styles/skins/mac/data/modules/formslite/list.view.xsl" size="766" ext="xsl" hash="ae80d43ed2e5838e715e76de19b78657" name="list.view.xsl">/styles/skins/mac/data/modules/formslite/list.view.xsl</file>
    <file path="./styles/skins/mac/data/modules/formslite/form.modify.xsl" size="10358" ext="xsl" hash="71e52fc942809acc40edb1c395805e6b" name="form.modify.xsl">/styles/skins/mac/data/modules/formslite/form.modify.xsl</file>
    <file path="./styles/skins/mac/data/modules/formslite/settings.view.xsl" size="194" ext="xsl" hash="4a727dc72d386120b25407a8ceeec0dd" name="settings.view.xsl">/styles/skins/mac/data/modules/formslite/settings.view.xsl</file>
    <file path="./classes/components/formslite/customCommon.php" size="199" ext="php" hash="eda4a8f0bd00d66627654ae595e17e59" name="customCommon.php">/classes/components/formslite/customCommon.php</file>
    <file path="./classes/components/formslite/macros.php" size="4428" ext="php" hash="c118b56c0da198e6682b1410e865c1b7" name="macros.php">/classes/components/formslite/macros.php</file>
    <file path="./classes/components/formslite/permissions.php" size="168" ext="php" hash="81fc6e0d5e1df18a0657194da2f9f803" name="permissions.php">/classes/components/formslite/permissions.php</file>
    <file path="./classes/components/formslite/class.php" size="1356" ext="php" hash="2b58f7f2f9b31ba3ed2130bf728548fb" name="class.php">/classes/components/formslite/class.php</file>
    <file path="./classes/components/formslite/i18n.php" size="929" ext="php" hash="ef71913bdd15d704c0b1970258cb2bf6" name="i18n.php">/classes/components/formslite/i18n.php</file>
    <file path="./classes/components/formslite/admin.php" size="4389" ext="php" hash="286852702cdc75b2138df91409f7dafb" name="admin.php">/classes/components/formslite/admin.php</file>
    <file path="./classes/components/formslite/customMacros.php" size="170" ext="php" hash="99e1ff945ff9904a354c3fd6ae9f0942" name="customMacros.php">/classes/components/formslite/customMacros.php</file>
    <file path="./classes/components/formslite/customAdmin.php" size="213" ext="php" hash="f814fb6598dec2a90a30294c0ee490bc" name="customAdmin.php">/classes/components/formslite/customAdmin.php</file>
    <file path="./classes/components/formslite/lang.php" size="690" ext="php" hash="6937c2df8c10a7fd2b49845edac158ad" name="lang.php">/classes/components/formslite/lang.php</file>
    <file path="./classes/components/formslite/includes.php" size="74" ext="php" hash="10b871eb2d2396693a9f24a67559cf5e" name="includes.php">/classes/components/formslite/includes.php</file>
    <file path="./styles/skins/modern/data/modules/formslite/list.view.xsl" size="2281" ext="xsl" hash="1c05dd74c1b301bdfe7d7f24adf5cc7c" name="list.view.xsl">/styles/skins/modern/data/modules/formslite/list.view.xsl</file>
    <file path="./styles/skins/modern/data/modules/formslite/form.modify.xsl" size="12897" ext="xsl" hash="933e75f958f846e78dd4acf428ad1f95" name="form.modify.xsl">/styles/skins/modern/data/modules/formslite/form.modify.xsl</file>
    <file path="./styles/skins/modern/data/modules/formslite/settings.view.xsl" size="194" ext="xsl" hash="4a727dc72d386120b25407a8ceeec0dd" name="settings.view.xsl">/styles/skins/modern/data/modules/formslite/settings.view.xsl</file>
    <file path="./man/ru/formslite/template_add.html" size="2660" ext="html" hash="0b623ebcfbbaae01993d0741aeee09f7" name="template_add.html">/man/ru/formslite/template_add.html</file>
    <file path="./man/ru/formslite/template_edit.html" size="2660" ext="html" hash="0b623ebcfbbaae01993d0741aeee09f7" name="template_edit.html">/man/ru/formslite/template_edit.html</file>
    <file path="./man/ru/formslite/templates.html" size="1257" ext="html" hash="8b5ba83e63ed53f1683e824463f25960" name="templates.html">/man/ru/formslite/templates.html</file>
    <file path="./man/ru/formslite/docs.html" size="258" ext="html" hash="6b505e29f1c0b5b5ddf0f40df66519b3" name="docs.html">/man/ru/formslite/docs.html</file>
    <file path="./man/ru/formslite/config.html" size="377" ext="html" hash="9d6878650eb8f789285a2c2bb08c62aa" name="config.html">/man/ru/formslite/config.html</file>
    <file path="./images/cms/admin/mac/icons/medium/formslite.png" size="43678" ext="png" hash="886bb035e146b26e3bcd5d7b2a1a2c72" name="formslite.png">/images/cms/admin/mac/icons/medium/formslite.png</file>
    <file path="./images/cms/admin/mac/icons/big/formslite.png" size="43880" ext="png" hash="42b1fb7c89c359bbe4edbf5bcc4fd1b9" name="formslite.png">/images/cms/admin/mac/icons/big/formslite.png</file>
    <file path="./images/cms/admin/mac/icons/small/formslite.png" size="42058" ext="png" hash="bb7c4ff05678b3d16c68e53e34cb6142" name="formslite.png">/images/cms/admin/mac/icons/small/formslite.png</file>
    <file path="./images/cms/admin/modern/icon/formslite.png" size="44722" ext="png" hash="0c5c8ab18351cbb7e95c38b37b8a1eaa" name="formslite.png">/images/cms/admin/modern/icon/formslite.png</file>
    <file path="./images/cms/screator.png" size="3324" ext="png" hash="f341dec664c702a254ce4b0bc51c612d" name="screator.png">/images/cms/screator.png</file>
  </files>
  <langs/>
  <domains/>
  <templates/>
  <datatypes/>
  <types>
    <type id="95" title="Шаблон письма" parent-id="0">
      <base module="formslite" method="template">Шаблон письма Lite</base>
      <fieldgroups>
        <group name="forma" title="Форма" visible="visible" active="active">
          <field id="346" name="form" title="Идентификатор формы" visible="visible" required="required">
            <type name="Строка" data-type="string"/>
          </field>
        </group>
        <group name="templates" title="Письмо" visible="visible" active="active">
          <field id="347" name="email_from" title="Адрес от" visible="visible">
            <type name="Строка" data-type="string"/>
          </field>
          <field id="348" name="name_from" title="Имя от" visible="visible">
            <type name="Строка" data-type="string"/>
          </field>
          <field id="349" name="subject" title="Тема письма" visible="visible">
            <type name="Строка" data-type="string"/>
          </field>
          <field id="350" name="template" title="Шаблон тела письма" visible="visible">
            <type name="HTML-текст" data-type="wysiwyg"/>
          </field>
        </group>
        <group name="messages" title="Сообщения" visible="visible" active="active">
          <field id="351" name="message" title="Сообщение об отправке" visible="visible">
            <type name="HTML-текст" data-type="wysiwyg"/>
          </field>
        </group>
      </fieldgroups>
    </type>
  </types>
  <objects/>
  <pages/>
  <relations/>
  <options/>
  <restrictions/>
  <permissions/>
  <hierarchy/>
</umidump>
